thread_id,user_id,msg_id,time,date,msg,opinion
1751098,219405,1,2019-11-24 23:53:45,2019-11-24,運動發生咗咁耐，可以完全避重就輕，完全唔表態，無論朋友定家人，問多兩句就派膠，話咩冇咗民建聯就邊度有咁多蛇齋餅粽過節，心諗佢平時真係攞民建聯好多著數，作為佢個仔真係屌哂鬼。今日投票日，我都唔爭氣九點幾先起身，拉住阿媽家姐細佬四個人一齊投票。點知見到我老豆排完又排，仲要讓啲年青人行先，又會屌啲想插隊嘅廢老，真係好撚正，好撚柒型。跟住聽我阿媽同我講返，原來我當年小學未懂事嘅時候，泛民辭職變相五區公投，佢拉咗成條街嘅街坊一齊去投票，因為我老豆老母賣報紙嘅，真係全條街都信佢囉！宜家諗返佢呢幾個月一定有出過嚟用魔法燒嘢食畀啲popo食囉！最正係佢撚到住我隔離嗰個藍絲阿叔投白票:o)老豆你係得嘅！#kill#lm2,0
1747550,60977,367,2019-11-24 23:48:50,2019-11-24,[member]原本想白票架喇一見到六點半個隊撚樣，即轉呔[/member],2
1749777,32505,128,2019-11-24 23:44:15,2019-11-24,真心雖然大家都對體制冇信心但係投票係我地嘅權利 同食飯訓覺一樣咩白票反對都on9但係政府咁淡定一定有詭計xx(xx(xx(,0
1750983,55194,120,2019-11-24 23:42:17,2019-11-24,唔係第一日既事叫撚左你地投票總係有人玩野白票同放棄呢種就係香港人,2
1750417,31723,284,2019-11-24 23:27:19,2019-11-24,唔可以無論係任何平台都唔可以比保皇黨生存 包括區議會重有黃藍早就歸邊 警暴721同5大訴求未回應 唔會完我唔明你班白票撚點解會覺得區議會輸咗=場運動完,0
1750802,65139,18,2019-11-24 23:19:48,2019-11-24,推監票運箱開箱總數廢票白票爭議票都要留心,0
1750481,31723,276,2019-11-24 23:19:00,2019-11-24,頂你班白票撚屌極都唔明我哋係人都知飯民同個選舉制度冇用啦（鬼叫你本土咁少人咩）今次投票係要保皇黨消失唔理係咩平台包括區議會呀:-[我哋犧牲咗幾千人 唔係重容許班保皇黨繼續涼冷氣起大白象下話,2
1750989,231007,1,2019-11-24 23:03:38,2019-11-24,[size=4]1.票箱唔見左2.大量選票被作廢或白票3.選情結果與投票情況不一致4.票箱被狗運走和進行二次點票[/size=4],0
1748020,9542,663,2019-11-24 22:58:06,2019-11-24,上次有班傻仔又白票又焦土，多左都唔出奇今次支共要嬴民意一定出大技，建制狗大勝都正常,0
1750954,147467,8,2019-11-24 22:56:36,2019-11-24,投白票同無投票兩樣野黎...:o),0
1750796,124161,125,2019-11-24 22:53:28,2019-11-24,我老母本身話一藍一黃揀唔落手想白票，結果我同佢講選咗個藍既出嚟佢啲錢就會用晒係大白象到，結果佢之後話投左落黃到#hehe#pig,2
1750417,25168,276,2019-11-24 22:48:21,2019-11-24,投白票,1
1750417,268856,269,2019-11-24 22:40:35,2019-11-24,咁如果投白票你屌唔屌？,0
1750615,53127,156,2019-11-24 22:37:08,2019-11-24,熱狗班7 頭係屋企攬鬼妹出黎屌票，仲叫人投白票都唔好投泛民，傻撚左呀條撚樣,2
1750879,321123,67,2019-11-24 22:33:50,2019-11-24,熱狗咁樣屌泛民就唔岩 大局為重仲要人投白票,0
1750844,9747,12,2019-11-24 22:27:20,2019-11-24,叫人投白票既撚樣實有報應:),2
1750481,45761,253,2019-11-24 22:15:20,2019-11-24,杯葛/白票根本就係on9行為就算投票率低認受性低咁又點？共產黨睇民意架咩？佢地睇社會上呢d關鍵位置既控制範圍之嘛踢走親共保皇係其中一個減低共產黨控制力既手段仲要係唔洗成本既，咁都唔做仲話要抗爭抗共笑死人咩:o),2
1750686,191155,683,2019-11-24 22:08:35,2019-11-24,仲有好多年輕人投白票，個d先含家產,2
1750481,48947,218,2019-11-24 21:54:33,2019-11-24,白票棄票撚真係好撚戇鳩,2
1750492,282490,420,2019-11-24 21:44:22,2019-11-24,喺不公平嘅選舉之下仲有人叫人投白票表態豬隊友#kill#,2
1750417,288217,180,2019-11-24 21:36:46,2019-11-24,其實本土焦土係咪想建制贏？呢個係現有嘅制度，泛民贏都好過建制贏，壞影響較細。就算你唔投/投白票都唔會改變個現有制度，但你咁做，建制會贏。兩者取其輕，如果泛民贏到，你哋仲有四年慢慢屌9佢再做好啲。,0
1750615,24721,39,2019-11-24 21:35:18,2019-11-24,如果得一個建制一個泛民揀都唔應該投白票難得靠今次運動綁死曬泛民點可以俾D資源去番建制算 已經無時間,2
1750717,62369,5,2019-11-24 21:34:53,2019-11-24,無論投泛民定熱血公民都無所謂最緊要唔好投建制唔好投白票,2
1750734,62369,10,2019-11-24 21:34:29,2019-11-24,無論投泛民定熱血公民都無所謂最緊要唔好投建制唔好投白票,2
1750706,231864,9,2019-11-24 21:27:52,2019-11-24,佢寧願白票都唔含淚投泛民,0
1750724,158973,1,2019-11-24 21:20:59,2019-11-24,為左理大手足同選舉，呢排已經分化得好勁今次贏好輸好，支持投白票同大力反對佢地既一定仲會繼續嘈加上如果輸左會出巨大無力感如果贏左大家亦可能會比左啲心機去慶祝，其實唔係咩問題，不過之後亦可能有人會指責大家忘記運動目標，到時又再嘈過好多可能性亂，我覺得好大可能所以純粹希望大家[red]做好心理準備[/red]，捱過呢幾日之後重整軍心，繼續兄弟爬山香港人麻煩記住[red]光復香港 時代革命五大訴求 缺一不可[/red]#adore##adore##adore##adore##adore#,0
1750524,246781,594,2019-11-24 21:12:30,2019-11-24,好多風向撚 叫人投白票xx(,2
1750417,199834,128,2019-11-24 21:01:03,2019-11-24,投白票同含保皇黨有咩分別？O:-),0
1750417,268856,126,2019-11-24 20:59:35,2019-11-24,如果醒左嘅話就唔會咁多人屌人投白票 知唔知咩叫自由意志 你要含唔代表人哋都要xx(xx(,0
1750658,53577,1,2019-11-24 20:59:15,2019-11-24,"就係弱能+鍾意認屎認屁!一有機會就智者上身,多多意見,但一隻豬點都只係一隻豬!話緊投白票、唔想投飯民嘅人!",2
1750286,22560,46,2019-11-24 20:57:11,2019-11-24,唔係我有啲白票廢票撚朋友仲係fb 吹緊風O:-)O:-)O:-),0
1701694,72730,319,2019-11-24 20:52:46,2019-11-24,"係連登支持白票論 #yup#泛民點樣唔緊要, 最緊要建制當選",1
1747120,56205,628,2019-11-24 20:49:49,2019-11-24,"成班on9冇腦中二病, 舉世皆醉佢獨醒咁叫人白票 xx(xx(",2
1750524,250622,337,2019-11-24 20:44:29,2019-11-24,分清邊個係最大敵人未呀熱狗們？唔通送中條例泛民投左支持？保皇投左反對？泛民抗爭冇出過黎？保皇唔撚使懲罰？？最撚好笑係對家當選竟然係白票黨出左唔少力。。真係好撚不智,0
1750417,127783,87,2019-11-24 20:40:27,2019-11-24,百屌成材 票都唔投仲唔抵屌 白票已經衰 你話焦土但票都唔撚投係想點？？,2
1750286,177485,39,2019-11-24 20:35:32,2019-11-24,D熱狗同白票撚唔見晒 #:)#dog#:)#dog,0
1750286,103050,31,2019-11-24 20:32:37,2019-11-24,啱啱有2-3個白票post，班五毛凌晨又會瘋狂分化,0
1750286,221265,28,2019-11-24 20:29:56,2019-11-24,我開咗此post 1.5 hr1個白票撚射落海焦土攬炒投建制撚都冇佢哋唔係之前24小時好有原則好堅持一票不投泛民泛民仲衰過建制咩？[red]做乜好似愛字頭式叫完口號癲完 收工咁嘅？[/red],0
1750417,136457,28,2019-11-24 19:59:51,2019-11-24,投白票Z_Z#ass#唔投票#dislike##fire#投建制xx(#fuck#投本土#yup#[bouncy]投泛民O:-)#cn#投熱狗[banghead]#ng#,0
1750352,250903,173,2019-11-24 19:43:35,2019-11-24,大佬 你要第三勢力係唔係唔洗時間培養出黎一出黎就一定投你？我夠知本土派出緊黎 但時間根本就唔夠佢地跑出黎:o)講真投佢真係無其他選擇 我夠唔想投泛民咁我係咪要投建制/白票:o):o):o):o):o):o):o):o):o),0
1750204,263563,223,2019-11-24 19:07:22,2019-11-24,求你唔好投白票先對外 後對內,2
1750286,321837,20,2019-11-24 19:01:05,2019-11-24,"老美高調屌柒.你投乜都好,甚至你有你見解投藍亦無問題, 都就唔好投白票.呢D咁大鑊嘅狀況, 唔投票,投白票,收錢按指示投係公民質素低劣嘅表現, 任何現代文明國家都好鄙視呢D柒頭. 現代社會係由公民組成,有咩公民就有咩社會. 是咁.",2
1750286,10757,17,2019-11-24 18:58:57,2019-11-24,買哂海馬牌 冇水比白票，分化撚,0
1750280,306337,7,2019-11-24 18:48:03,2019-11-24,想佢地姐 我上一次係白票撚嚟 帶住成班友投白票雖然今次我唔係香港. 但唔想今次有人白票,2
1710214,49524,523,2019-11-24 18:18:28,2019-11-24,投白票=支持建制=不支持運動我代表建制同政府多撚謝你,0
1750192,103050,1,2019-11-24 17:52:15,2019-11-24,大家記住mark低晒早幾日鼓吹投白票班仆街，班仆街9成係五毛，趁而家block晒班仆街，等佢哋之後無咁易帶風向,2
1750156,327469,1,2019-11-24 17:34:16,2019-11-24,五毛一天到晚搞分化、搞對立，慫恿人唔好投票；教人投白票；扮本土，屌民主派。搞咗甘耐，點知出黎既人更多，仲爆埋新高。唉！你以爲人地on9既，你吹咩野風，人地就信咩野呀？睇到呢個投票率，淋病嚇到一褲都係，呢班五毛真係要降級到兩毛 。。。。 屌！[size=5][blue]不分化，不割席[/blue][red]光復區議會！[/red][/size=5][img]https://na.cx/i/EFi5QtP.jpg[/img],2
1749777,34478,38,2019-11-24 17:27:25,2019-11-24,因住有人屌你鼓吹白票玩分化呀#haha#dog,0
1750069,249378,1,2019-11-24 16:49:52,2019-11-24,"無論泛民幾咁人血饅頭,hea做都好,佢地起碼會聽我地支笛,會重造會改善。你依加投白票,投冷門可能會令建制從中得勝。即係變相放棄香港人共同體嘅核心,民主同自由。投泛民一票係我地表達民主自由嘅權利。今次選舉結果絕對可以impack到國際關注熱度,尤其係民主自由起義出生嘅美國。[size=4][b]輸咗第時俾中共俾害唔好屌點解冇人幫[/b][/size=4],[gold]奉勸大家投民主嘅一方。[/gold]",2
1749893,198418,3,2019-11-24 15:23:54,2019-11-24,白票都割何況佢選民都唔係on99,0
1749780,82312,1,2019-11-24 14:20:27,2019-11-24,今次選舉實際影響其實唔大但就係6月到依家唯一一次有好大公信力嘅投票一人一票係一個變相嘅公投而每一票都係有晒數字嘅記錄，不論係投黃，藍定白票，係好有意義不分黃藍，200萬人又係我地講，藍絲又話自己係沉默大多數大家只要有晒咁多區數字，基本上就可以好確實咁知道依家不滿政府嘅人實實在在有幾多中央，外國，都自己中心有冇錯雖然佢地會繼續扮見唔到，但呢個係後話所以就算係只有一個候選人，都要出黎投白票蛇齋餅粽冇錯都仲係有，但對今次呢個投票人數黎講今次選舉依然好有公信力你信又好唔信又好，投左先#yup##yup##yup##yup##yup##yup##yup#,0
1748798,6103,75,2019-11-24 13:32:14,2019-11-24,"12:30	投票總數為1,280,584	投票率30.98% 各位請繼續:~(:~(投左ge，勸親戚朋友去投票，唔好唔投or 投白票未投ge，為自己，下一代，仲有被黑警捉ge義士，懇請你地去投票:~(:~(#adore#",2
1743430,14103,656,2019-11-24 13:14:15,2019-11-24,辛苦整apps果位巴打唔知點諗呢 你地嫌煩唔去攞表 有人冇printer唔印表 佢整左個網出黎 直接有得簽埋名 㩒個制幫你email 埋 唔駛電子野唔緊要太古廣場烈士 被譽為200萬+1果位英雄後 大遊行係軒尼詩道有大量義工 提供埋筆俾你即場填 唔駛你記添 現在有大量同行都有填架 登記完 浪費自己人地人力物力你咩心態喂大佬呀 你係唔投嘅 你當初咪申請啦 你係唔投嘅 當初巴打整個出黎你report左佢丫泛民出賣港人 又唔係2019年11月嘅事 你班廢人臨選先舊事重提？ 半年前大量人登記你唔呼籲人杯葛選舉？ 半年前你唔ddos左巴打個登記網？ 半年前你唔火魔法又好派流浮山刀手又好斬洩班義工？ 班廢柴熱狗唔參選又要人唔好投/投白票係咩居心呀有本土投本土 冇就投泛民 再唔係就獨立 唔好一早講好咩 你估我唔想投本土呀？ 最好笑係話投泛民同投建制一樣 既然一樣 你唔同班目不識丁 滿頭斑白嘅呀公呀婆話一樣架 投泛民啦你話又要攬炒又要投建制 咁你投泛民咪一樣囉On99,2
1749640,29080,4,2019-11-24 12:55:28,2019-11-24,證明投票好撚緊要囉班白票/棄票/轉投建制撚湧撚哂出黎:o):o):o):o),2
1747120,5490,622,2019-11-24 12:50:54,2019-11-24,投白票一係對家既鬼，一係就on9，屌佢都嘥gas，6月到11月發生左咁多事，如果重真心去投白票，咁佢應該食屎都唔會有咩感覺,2
1749463,47776,48,2019-11-24 12:13:35,2019-11-24,白票同私怨麻煩由第一日睇下梁義士係PP果到跌落黎到家姐到健仔到熊仔餅個個都係有血有汗嘅人#wail#pig如果咁都放唔低私怨麻煩真係唔好再叫自己做手足#:-[#pig,2
1748294,10757,387,2019-11-24 11:50:22,2019-11-24,人地2黨係為左美國的 投白票的邊忽為香港好 送哂子彈比人洗,0
1749410,185565,10,2019-11-24 11:45:22,2019-11-24,有票就投啦 咪白票益班保皇黨但佢迫你投保皇就另計#:-[#pig#kill#pig,2
1749443,314389,1,2019-11-24 11:45:13,2019-11-24,[size=6][b][size=6][size=6]大家起身拉，唔好刷牙食飯住，落街投票先！打倒建制派，香港人覺醒拉！！！唔好投白票唔好投白票投完票就要幫襯身邊的黃色店！！！投完票就要幫襯身邊的黃色店！！！投完票就要幫襯身邊的黃色店！！！[/size=6][/size=6][/b]票投建制派，香港玩撚完[/size=6][size=5][size=5]俾張民主派圖俾大家[/size=5][/size=5][img]https://na.cx/i/4LAsjwj.gif[/img],2
1749397,38572,10,2019-11-24 11:38:34,2019-11-24,yes 至少5:5不過太多白票廢票同投建制撚,0
1749028,103050,25,2019-11-24 11:12:43,2019-11-24,大家唔好亂黎，今日d白票廢票五毛唔見晒，轉左用第二招。今日我地只要做3件事：投票、拉票、監察港共小動作,2
1747729,46896,313,2019-11-24 10:25:22,2019-11-24,而家已經唔係投白票同廢票，我最撚憎策略投票嘅，只要係投素人，或者 投你中意嘅泛民就可以,2
1749192,31637,1,2019-11-24 10:25:19,2019-11-24,"班白票撚根撚本係兇鳩你地, 等你地淆底",0
1749130,133412,5,2019-11-24 10:24:13,2019-11-24,見到啲白票射海撚，嬲得滯，打錯咗:o)無人阻到我去投票！唔好停，落街投#argue#pig#argue#pig#argue#pig,2
1748454,52946,28,2019-11-24 10:04:09,2019-11-24,得5毛先會叫人投白票益共狗,0
1747158,46033,576,2019-11-24 09:40:25,2019-11-24,仲有一班五毛叫人投白票,0
1748851,92299,21,2019-11-24 09:29:26,2019-11-24,[size=6][red][b]如果想投白票 棄票嘅，當初根本唔使拎選票，熱狗 屌你老母#fuck#[/b][/red][/size=6],0
1748978,63045,24,2019-11-24 09:27:51,2019-11-24,正常，平時唔見人，選舉先上水叫人投白票同建制,0
1748913,319510,28,2019-11-24 09:06:34,2019-11-24,諗住唔投票或者白票嘅巴打絲打唔該睇下屈小姐講乜。。。---------------------------------------<支持特區政府施政 從今以後不投票>屈穎研近年來，反對派、黃屍、外國勢力常常假借「民主」的名義，擾亂香港，打擊我國。相信很多愛國愛港的中國香港人，像我一樣，對此深惡痛絕。細心觀察，這些搞事分子的論調，離不開「選舉」、「投票」，例如甚麼「我要真普選」等等，一派胡言。縱觀全球，有所謂「民主選舉」的地方，社會就有動亂，永無寧日，美帝、英國、歐洲⋯⋯無一例外。反觀我國，從來沒有什麼選舉，但民眾上下一心，團結支持中央領導，近年來經濟繁榮，老百姓安居樂業。這就反映出中央政府英明領導，百姓根本不需要「民主」、「選舉」。 這些舶來品是西方社會伸出的魔爪，侵犯我中華的借口！洋人野蠻、生性好事，吃飽無事就搞民主，擾亂社會；相反我國千年文明，中國人愛好和平，所謂「民主」制度根本不適合我國國情。要把這觀點表達出來，最簡單、直接、有效的方法就是：不！投！票！愈少人投票，投票率愈低，表示這場選舉的認受性愈低，大家都認為選舉不無必要，是浪費時間和社會資源的。君不見民主派整天呼籲人去投票，姑勿論投票結果如果，其實你已中了反對派的計！愈多人投票，反對派就有藉口向外國勢力索取更多資金。 《蘋果日報》每逢選舉，就不愁沒金主，所以他們才會整天叫人投票。 簡單來說，你一投票，就是支持、認同、幫助反對派！全世界的學者研究也指出，市民對政府管治愈滿意，投票率就愈低；對政府愈不滿，投票率就愈高。 反對派時常騎劫香港主流民意，訛稱示威遊行有200萬人參與云云。 事實上，只要在選舉中投票率低，他們的謊言就不攻自破！各位想守護香港的朋友，讓我們以低投票率的事實，告訴那些亂港分子，我們只要穩定繁榮的社會，不需要「民主」，不需要你們「搞搞震」！守護香港，撐特區施政，從今以後不投票！,0
1748294,215876,324,2019-11-24 09:04:58,2019-11-24,soloman咁都知#haha#dog香港有班唔知on9 私怨大過天定係共諜不停叫人投白票,2
1745546,8546,445,2019-11-24 08:46:30,2019-11-24,今日係變相公投，投白票/唔投嘅係垃圾,2
1748447,221265,21,2019-11-24 08:45:26,2019-11-24,白票撚=出賣義士,2
1748832,123408,158,2019-11-24 08:34:18,2019-11-24,人地投白票一家有票因，泛民真係做過好多賣港既野,0
1748885,29271,1,2019-11-24 08:32:30,2019-11-24,歡迎白票支持者來辯論。明白你唔支持制度，唔支持泛民。但係認真你支持建制派嗎？而家呢刻唔係討論制度問題，係要踢走班壟斷多年嘅建制派。#fight1#dog#fight2#dog今日嘅形勢唔同咗，有運動之火，有國際戰線。#cheerup#dog你諗下投左白票，人哋會點睇？建制派非常團結咁投建制派，仲要一車車咁來投。難得今年咁多年青選民加入，大家又要玩投白票分薄票源。#notcry#dog最後結果只會係建制派又成為最後贏家，客觀分析就會話香港人大多數支持止暴制亂，跟住有一眾沉默的白票支持政府，一小撮投本土同泛民嘅恐怖分子做暴徒。[size=5][gold]階段性勝利好重要#:-[#dog[/gold][/size=5]學隔離post巴打提出你要投白票，就算俾你有真普選，最後咪又係比林鄭做返。所以拜托唔好割蓆，[red]係關鍵性一刻投下神聖的一票。[/red]你哋可以本土>泛民，絕對唔好投白票，因為你嗰票會去咗建制派度。唔好俾大家嘅努力同埋國際戰線付諸流水。你一投白票，trump trump多謝你，乜都唔使簽，大大聲講香港民意支持中國政府。你一投白票，藍絲廢老多謝你，因為你嘅訴求係唔會得逞，香港人權法案變成廢紙，犧牲左嘅人直接成為condom。#wail#pig,2
1748832,55851,54,2019-11-24 08:23:57,2019-11-24,叫人投白票果啲仆街我見一個屌一個，屌撚到佢肛門脫落,2
1748588,279631,19,2019-11-24 07:43:59,2019-11-24,"正式宣佈，叫人投建制/白票都唔投泛民嘅 絕對係鬼嚟Sure, you are right!!!!",2
1748727,237133,27,2019-11-24 05:48:29,2019-11-24,[size=6][b][red]唔好投白票[/red][/b][/size=6],2
1748599,28437,360,2019-11-24 05:02:03,2019-11-24,訓唔著講多句泛民係柒就係事實 上面都有圖講淨計今次運動泛民做過幾多柒野但你地要票唔撚係靠逼 勒索 屌票要人投你係做實事 令人信你等於點解投左咁撚多次票 只有投梁天琦個一票咁開心 投得舒服係因為真係覺得佢代表到我同唔會岀賣選民就係一提起泛民其實都曾經好錯就俾人屌5毛 分化撚 熱狗 藍絲你自己代入下人地角度諗其實人地屌泛民都係為香港好 點知仲要俾人攻擊 點樣唔心淡就係咁樣先令含撚投票嘅人更反感 更想俾白票希望你地自己諗下 口中大局為重 係應該用咩態度去同你唔同諗法 但同樣目標嘅手足,0
1748241,200899,26,2019-11-24 05:01:50,2019-11-24,陳強再捐晒整個任期份人工，老實可以救到幾多前線手足？投左許就會令手足變condom 未免太跨張，街坊民意已經出左，你再搞落去比民建聯拎到就真係全部攬炒。兄弟，成熟啲，你咁搞同叫人投白票射落海無分別，一樣對唔住前線手足,2
1748649,226955,29,2019-11-24 04:52:36,2019-11-24,講咁多都係想投白票姐，間接拉高親共派嘅勝率:)明嘅:)死五毛小心你冇仔送終啊#fuck#,2
1748688,51963,11,2019-11-24 04:40:49,2019-11-24,白票仲有可能比人加個印上去.....,0
1748688,317150,7,2019-11-24 04:16:26,2019-11-24,咪撚投白票,2
1725801,9483,450,2019-11-24 04:06:23,2019-11-24,乜撚野事叫人投白票果班係On9定無腦:o):o)唔撚中意就唔投:o):o):o):o):o):o):o):o):o):o),2
1748646,13116,43,2019-11-24 03:58:56,2019-11-24,岩岩上左轉仲屌緊人投泛民:o):o):o):o):o)唔知係咪5毛打手又白票又射落海我呢知佢地唔爭氣但射落海除咗好撚型之外對件事一啲幫助都無:o):o):o):o):o):o),2
1748525,209883,194,2019-11-24 03:57:37,2019-11-24,投白票:o),2
1746761,38795,120,2019-11-24 03:40:24,2019-11-24,白票同支持保皇一樣咁仆街,2
1748659,58841,16,2019-11-24 03:29:29,2019-11-24,[size=6][red]班後生仔為左香港連條命都唔要虐待又有 強姦又有 被自殺又有死熱狗為左私怨叫人投白票甚至投建制唔係出賣香港係咩？[/red][/size=6],2
1748525,288699,174,2019-11-24 03:27:42,2019-11-24,[b][size=6][gold]唔投白票 唔益建制[/gold][/size=6][/b]#drum#pig#drum#pig#drum#pig#drum#pig#drum#pig,2
1748599,21757,208,2019-11-24 03:26:49,2019-11-24,記得當時鄭松泰只係攻擊何俊仁佢目標只得一個，就係要何俊仁選唔到，唔係要自己選到，最終得益係邊個。如果有人憎泛民多過建制，投邊個佢有選擇權喺大是大非時候仲話投建制丶白票的根本唔係同路人,2
1748453,280335,614,2019-11-24 03:26:13,2019-11-24,"唔知泛民比唔比到但建制贏就肯定無民主如果香港人既智慧真係會比熱狗d on9理論fake到投白票/投建制就只能講香港人唔值得有民主,有民主都無L用",2
1748599,37058,125,2019-11-24 03:02:13,2019-11-24,諗住無本土無熱狗就白票嗰啲撚樣取消左個選民資格佢啦 敵人嘅敵人就係朋友 送中同蒙面法係咪泛民有份搞？不如你list下建制狗做過咩衰野啦 4年前熱狗出黎柒過依家怨婦咁撚樣真係肉鳩酸人地班廢老藍絲就識就算殺人都撐狗合理對閪眼投建制 我地？次次依啲時候就私怨上身 分化到我以為我地贏撚左被捕手足放返晒出黎xx(xx(xx(,2
1748525,137699,147,2019-11-24 02:44:12,2019-11-24,希望白票撚回頭是岸#whip#pig,2
1748525,266435,145,2019-11-24 02:42:33,2019-11-24,投白票投建制根本想殺撚我全家,2
1748525,137699,140,2019-11-24 02:39:26,2019-11-24,白票撚真係一夜增長xx(好可疑 但唔作任何猜測,0
1748294,139629,288,2019-11-24 02:38:44,2019-11-24,白票#kill#pig#kill#pig#kill#pig,0
1748294,116793,282,2019-11-24 02:31:26,2019-11-24,"[red]我自己身為共和黨人, 也跟民主黨成員合作推動《香港人權與民主法案》[/red]當連美國人都願意放下黨爭一齊支持香港反而(部份)香港自己人因為私怨而投白票分化真係好撚諷刺on9",2
1748525,243306,121,2019-11-24 02:29:37,2019-11-24,冇錯！就係要建制輸到仆街！唔好投白票啊:~(,2
1748294,63117,277,2019-11-24 02:06:45,2019-11-24,投白票隨時比班保皇黨拎埋你張都票造假票,2
1748525,321837,76,2019-11-24 02:05:58,2019-11-24,白票黨與投對家黨係會被列入老美制裁名單內，全數被視作豬乸ChiCom,2
1748525,273294,69,2019-11-24 02:03:41,2019-11-24,我人在外國無得投。想投白票嘅不如幫我投。等我喺外國可以文宣絶大部分香港人都支持民主自由，有本土投本土，無本土含撚都要投泛民。,0
1748588,218652,3,2019-11-24 01:59:46,2019-11-24,正式宣佈，叫人投建制/白票都唔投泛民嘅 絕對係鬼嚟,2
1742283,335335,94,2019-11-24 01:51:38,2019-11-24,2333333lz 牛皮 有理有据 令人信服尼玛建制这群好吃懒做的窝囊废 还投个锤子 明天睡醒都给爷投白票,1
1748453,19552,370,2019-11-24 01:30:33,2019-11-24,唔好睇小佢地影響力 高登已經上下跟熱狗投 周圍搞文宣叫人白票/投保皇,0
1748453,195211,367,2019-11-24 01:30:09,2019-11-24,"要mark下支持投白票既FB人他日有機會,要公開拉佢地遊街",2
1748534,39092,1,2019-11-24 01:17:02,2019-11-24,投白票投建制，你地對唔對得住死左既手足？仲有無數被自殺 打爆眼 打到危殆既市民 被失縱既人呢個關鍵時間你地走去投白票投建制?????????,2
1748089,221265,535,2019-11-24 01:09:34,2019-11-24,好多白票扮理性3毛Twitter 大量[img]https://na.cx/i/DGhqM4B.png[/img],2
1748517,312016,1,2019-11-24 01:09:30,2019-11-24,緊乜撚野張 較定鬧鐘聽朝打仗 #bye#dog睇清楚 係[size=6]朝[/size=6] 唔係朝早去你不如咪撚去講笑 求點都要出現投票#notcry#dog題外話 白票撚死返入去你媽個肚諗清楚白票同你係你媽子宮到無分別都係 [size=6][gold]無。自。由[/gold][/size=6]講完!!!! #bark#dog#bark#dog#bark#dog#bark#dog,2
1746761,221265,107,2019-11-24 01:09:06,2019-11-24,好多白票扮理性3毛Twitter 大量[img]https://na.cx/i/DGhqM4B.png[/img],2
1748453,291710,130,2019-11-24 01:01:01,2019-11-24,投建制/廢票/白票即係直接送俾共匪！傻L咗？,2
1748262,209531,207,2019-11-24 00:55:50,2019-11-24,大家一定要出嚟投票，目標只得一個，就係要建制保皇黨輸到仆街！！！#:-[#pig而家又唔係叫你哋去前線衝去食tg，大家只要攞張身份證入去票站吸個印就得，簡單安全又合法，咁都唔做？仲有叫人投白票或者投建制嗰啲唔該立即仆街死咗佢啦，點對得起呢幾個月犧牲咗嘅人呀！#kill#pig#kill#pig#kill#pig,2
1748453,89546,78,2019-11-24 00:52:49,2019-11-24,"當年毓民頂多叫人投白票, 從來唔會叫人投建制xx(枉我上屆投左比熱狗",0
1748453,78635,70,2019-11-24 00:52:17,2019-11-24,你唔當泛民係condom泛民當你地係condom 有咩仆街得過攞完你著數之後再變節隊鳩你一刀？立法會投白票棄權票:o),0
1748473,47834,1,2019-11-24 00:42:55,2019-11-24,投白票唔等如支持焦土呀on9仔係支持建制咋屌,2
1748184,229886,252,2019-11-24 00:35:59,2019-11-24,我要建制輸絕不投白票,2
1748294,225100,200,2019-11-24 00:35:52,2019-11-24,[size=1]投白票好似計投票率[/size=1],0
1747580,114193,413,2019-11-24 00:32:38,2019-11-24,對住保皇狗我哋選擇唔割希望熱狗掉返轉頭唔好係咁叫人投白票/投對家#bye#,2
1748454,232261,1,2019-11-24 00:31:57,2019-11-24,三毛唔好再分化再屌泛民啦！呢幾個月，毛ee、GPhone國際線出左幾多力。鄺仔走遍全港咁多區升呢做埋鄺神，連登仔一定會記得唔好再話投白票。無人想對住個日日屌甲由，日日嗌止暴制亂既廢老區議員4年食飯都分黃藍店，投票更加要分黃藍。識投一定投建制對家！用選票懲罰無恥藍絲廢老！五大訴求，缺一不可！光復香港，時代革命！,2
1748184,291328,221,2019-11-24 00:21:22,2019-11-24,到依家仲玩投白票係咪on9㗎#ng#lm2依家係要反建制、反政府人地鋪晒路唔俾你查咁種票，我地仲投白票分薄票源?係咪想何妖老鼠芬串9你呀#hate#lm2,2
1748184,1327,220,2019-11-24 00:21:19,2019-11-24,投白票＝投建制＝投支持警察,0
1747265,1430,402,2019-11-24 00:11:48,2019-11-24,投白票港共真係笑住同你講多謝一定要投！,0
1744571,178658,744,2019-11-24 00:10:33,2019-11-24,千其唔好投白票#yup#,2
1748274,207195,41,2019-11-24 00:05:59,2019-11-24,我成日覺得好奇怪點解投白票叫做焦土呢種明明係叫做自焚，自損1000敵毫髮無損[sosad],2
1748155,9736,430,2019-11-24 00:05:30,2019-11-24,我冇屌你屌白票撚喎 我接受投泛民令建制屎都冇得食喎:o),0
1747957,89160,65,2019-11-24 00:03:23,2019-11-24,你星期一凌晨就會發現[b][orange]白票冇你想象中咁多[/orange][/b]，投票結果亦冇大勝，[b][orange]d人會spin緊「支持示威者既人並無想象中咁多」，連登會全部都係互屌，屌本土唔投票，或者真係認為「民意逆轉，大家要休息下」。:o)[/orange][/b],0
1748184,265839,183,2019-11-24 00:03:09,2019-11-24,投白票即係送票比建制,0
1748184,48902,151,2019-11-23 23:52:26,2019-11-23,投白票係白痴同on 9,2
1743314,201464,31,2019-11-23 23:49:09,2019-11-23,"點睇高登仔爸爸美國佬出聲：香港人如「投白票」, 將鑄成大錯https://forum.hkgolden.com/thread/7149075/page/1成堆熱狗唔敢入[369]#haha#dog",0
1748294,135313,78,2019-11-23 23:41:56,2019-11-23,白票=割蓆,2
1748294,251265,75,2019-11-23 23:41:35,2019-11-23,「分化黨企圖抹黑民主派，擁護建制。呼籲手足投白票一律視為共諜」#drum#pig[img]https://na.cx/i/sKoQXJv.jpg[/img],2
1748155,51349,403,2019-11-23 23:36:50,2019-11-23,"唔會話人係鬼,但成堆焦土撚 我真心唔明白 投白票既作用係邊又唔係2018年,要表達依家香港情況 有幾壞?全世界都知趕走飯民?係呢個風頭火勢趕完飯民有咩意思唔承認呢個制度?講就好聽 ,好高尚既原則 講一堆理論 然後呢?你對住個冇尊嚴既政府就算有一百萬白票佢都唔會理今次無論 幾唔想承認都好,輸個邊一定比人bin c,贏個邊一定會話主流民意至於係度講掌心雷,種票等等問題香港政府可能係黑箱作業,允許種票,但都唔係直接改賽果係既話 立法會選舉 點會重係 民主人士得票率比較高話佢改賽果 說服力始終唔夠,係唔公平,但冇計根本係被逼參加公投最後講句 唔係話輸左世界末日,唔係話投白票就話你係鬼, 但係區選係好緊要",2
1747957,89160,54,2019-11-23 23:36:41,2019-11-23,我就想同你講白票根本冇諗得咁大影響，不過係實質影響，定係幻想有好多白票既情況下。sorry，你話「投建制唔會屌」我就做唔出啦，邊個話乜野「暗黑攻略投建制」都應該收皮。,0
1748262,9747,95,2019-11-23 23:35:47,2019-11-23,講得好不過陳雲同佢班傻鳩弟子原意基本上就係私怨佢地真係想香港好一早就唔會投白票我一直都好支持唔割[size=6][red]但陳雲同佢班弟子睇到唔該你地收撚皮，你班傻鳩賣港賊賤撚過藍絲好似你地所講 建制同藍絲都叫明刀明槍你班撚樣係呢個時侯仲分化想搞死香港屌你地老母[/red][/size=6],0
1745602,201464,33,2019-11-23 23:35:31,2019-11-23,"共和黨Solomon Yue: 香港人如「投白票」, 將鑄成大錯https://lihkg.com/thread/1748294/page/1",0
1748297,251265,54,2019-11-23 23:30:12,2019-11-23,「分化黨企圖抹黑民主派，擁護建制。呼籲手足投白票一律視為共諜」#drum#pig,2
1743989,251265,834,2019-11-23 23:30:02,2019-11-23,「分化黨企圖抹黑民主派，擁護建制。呼籲手足投白票一律視為共諜」#drum#pig,2
1748297,251265,52,2019-11-23 23:28:52,2019-11-23,「分化黨企圖抹黑民主派，擁護建制。呼籲手足投白票一律視為共諜」#drum#pig,2
1743989,251265,832,2019-11-23 23:28:42,2019-11-23,「分化黨企圖抹黑民主派，擁護建制。呼籲手足投白票一律視為共諜」#drum#pig,2
1748297,251265,48,2019-11-23 23:23:46,2019-11-23,「分化黨企圖抹黑民主派，擁護建制。呼籲手足投白票一律視為共諜」#drum#pig,2
1748297,251265,42,2019-11-23 23:19:59,2019-11-23,「分化黨企圖抹黑民主派，擁護建制。呼籲手足投白票一律視為共諜」#drum#pig,2
1748297,251265,41,2019-11-23 23:19:44,2019-11-23,「分化黨企圖抹黑民主派，擁護建制。呼籲手足投白票一律視為共諜」#drum#pig,2
1748317,54787,1,2019-11-23 23:19:25,2019-11-23,幾個月前200萬人遊行個個話要做選民，你而家仲要諗乜撚野白票定含撚？要記住我地唔係要泛民贏，係要建制輸#:-[#lm2,2
1747415,27451,42,2019-11-23 23:17:11,2019-11-23,我都係，次次選舉我對會開post屌班隱性五毛白票撚，但次次我都比班狗圍，寡不敵眾:-(:-(,2
1747957,272030,50,2019-11-23 23:17:08,2019-11-23,登記做咗選民 然後投白票話係因為唔信任呢個制度 外國人會想信嗎？ 不信任果制度直接不要申請做選民 申請果刻已經假定咗你接受咗個遊戲規則 明天輸咗 只會比人spin風向 差你一票已經差很多#kill##kill##kill#,0
1748297,251265,26,2019-11-23 23:16:14,2019-11-23,「分化黨企圖抹黑民主派，擁護建制。呼籲手足投白票一律視為共諜」#drum#pig,2
1748297,251265,21,2019-11-23 23:14:42,2019-11-23,「分化黨企圖抹黑民主派，擁護建制。呼籲手足投白票一律視為共諜」#drum#pig,2
1748297,251265,19,2019-11-23 23:14:31,2019-11-23,「分化黨企圖抹黑民主派，擁護建制。呼籲手足投白票一律視為共諜」#drum#pig,2
1748297,251265,7,2019-11-23 23:12:19,2019-11-23,「分化黨企圖抹黑民主派，擁護建制。呼籲手足投白票一律視為共諜」#drum#pig,2
1748297,251265,6,2019-11-23 23:12:08,2019-11-23,「分化黨企圖抹黑民主派，擁護建制。呼籲手足投白票一律視為共諜」#drum#pig,2
1748155,330826,352,2019-11-23 23:11:46,2019-11-23,投白票，等於自己投降，讓他人為你決定一切，哪有這麼傻？,2
1748297,251265,4,2019-11-23 23:11:45,2019-11-23,「分化黨企圖抹黑民主派，擁護建制。呼籲手足投白票一律視為共諜」#drum#pig,2
1747580,192409,385,2019-11-23 23:06:33,2019-11-23,屌 我係當區選民的話 白票算xx(,1
1746182,191235,1259,2019-11-23 23:05:57,2019-11-23,睇白兵live..我都唔識反應 居然話投白票 咁你不如唔好投 。。,2
1747017,191235,14,2019-11-23 23:04:30,2019-11-23,"白兵話白票wor,,咁都唔屌 ？",2
1747328,127767,33,2019-11-23 23:03:40,2019-11-23,求大家唔好投白票！每一票都係踢走奶共狗嘅子彈#kill#,2
1747936,291710,134,2019-11-23 22:56:01,2019-11-23,投白票即係送票俾共匪！,0
1747807,254383,185,2019-11-23 22:47:43,2019-11-23,仲有，咪撚投白票射落海，泛民就算係豬隊友都係隊友。最有用呢句#good#,2
1747580,2613,379,2019-11-23 22:47:06,2019-11-23,係，由14年開始已經好撚憎熱狗但係我個區如果得熱狗同埋民建聯揀我義無反顧地投熱狗所以見到依家帶風向投白票嗰啲我只想講句屌你#fuck#,2
1748155,1761,237,2019-11-23 22:44:46,2019-11-23,簡單講一句，人地投白票係杯葛制度我自己就覺得係蠢既但我尊重，唔會屌[sosad]越屌人地只會越反感,0
1748155,182978,236,2019-11-23 22:44:33,2019-11-23,臨投票前一晚叫人投白票？泛民幫唔過所以幫建制？on99,2
1748155,325263,220,2019-11-23 22:39:32,2019-11-23,你個標應該係一定要屌人投白票/廢票/唔投票#fuck##kill#,2
1748155,145428,217,2019-11-23 22:38:21,2019-11-23,完全唔撚明白票棄票係咩諗法呢22年建制係議會強姦咗幾多香港人？依家叫做有個機會減少強姦者嘅數量你班人係到講：點都有人被姦架啦大佬，你唔投，咪令議會內嘅強姦者數目大增，佢地拎緊嘅資源係做到好多野，包括射比大陸同蝗蟲所以點都要投呀,2
1748155,278391,216,2019-11-23 22:38:11,2019-11-23,我淨係知，我一個二個把口就不割蓆，一到投票就現晒形，白票等於割蓆就係咁簡單你老味毛姨姨拎住消防份log果時你唔割？你老味林卓庭幫北區醫院酷刑果時你唔割？你老味岑子杰搞百萬遊行果時你唔割？你老味鄺囝係前線監察果時你唔割？你老味許智峰告警隊果時你唔割？你老味岳少係外國遊說果時你唔割？利用完要投票就不了，仲要屌柒人食人血饅頭睇撚死你班人渣，區選完左又大大聲叫不割蓆，仲要叫到最大聲唔面紅話個制度壞鳩唔撚知咩？你叫撚得到全民杯葛咩？咪咁撚天真啦，用下你個屎腦，叫人杯葛林鄭個對話會都失敗呀！區選比你叫走十票隨時無左個議席,2
1748155,23649,174,2019-11-23 22:30:32,2019-11-23,回想幾年前區選玩白票、攬炒搞到何妖以些微票數贏左上左位再贏埋立法會整左單721俾香港市民歎希望大家吸收左血的教訓識得兩害取其輕,0
1748155,41525,173,2019-11-23 22:30:13,2019-11-23,種票假票掌心雷都幾公平而且一齊投白票，同所有人講我地唔玩哩隻垃圾game,0
1747493,4635,164,2019-11-23 22:25:54,2019-11-23,唔好含淚投白票今次一定要建制輸,2
1748089,96152,237,2019-11-23 22:25:09,2019-11-23,你話投白票都無人信啦,0
1747265,229886,290,2019-11-23 22:20:45,2019-11-23,投你老母白票我唔要建制贏呀,2
1748118,916,9,2019-11-23 22:20:27,2019-11-23,我建議焦土派嘅候選人應該呼籲所有自己嘅支持者投白票，點票後就可以拎白票票數話自己有幾多人支持#yo#lm2,1
1748118,247398,6,2019-11-23 22:14:15,2019-11-23,投白票就係等於幫建制贏，就係咁簡單,0
1748155,180114,64,2019-11-23 22:13:14,2019-11-23,投白票 係咪on9又話區選要贏對唔對得住poly班手足,2
1748155,195211,63,2019-11-23 22:13:07,2019-11-23,"點會唔係浪費,我要建制輸,投本土優先絕對ok,但白票真係好唔對",2
1745602,83910,30,2019-11-23 22:03:20,2019-11-23,當年就係白票黨令香港沉淪五年我唔想見到建制狗、冚家隡高官星期一笑住宣佈勝利————————7:30am 票站見唔投對唔住所有義士,2
1748155,1761,9,2019-11-23 21:59:40,2019-11-23,岩，但都唔該白票既唔好屌人笑人含撚投票,0
1747265,205469,274,2019-11-23 21:57:03,2019-11-23,有冇諗過入香討分化[member]叫佢哋投白票/唔好投保皇[/member],1
1747184,46120,604,2019-11-23 21:38:13,2019-11-23,投票呀咪投白票呀推,2
1747957,89160,28,2019-11-23 21:38:00,2019-11-23,香港議會議席除左議席資源本身，其實冇乜特別意義，亦唔係建制資源既主要來源，議席資源對建制來講只係小部份。我在意只係選舉結果會畀國際點樣詮譯，贏多幾席唔係壞事，但白票夠多亦唔見得好差。問題永遠在於「非建制投票率（包括白票）有幾高」。唔好再高估白票既人數同負面影響。聽日結果出黎，陣間全港總白票得幾千張，反而輸左投票率就真係好笑。,0
1748094,73565,1,2019-11-23 21:33:53,2019-11-23,記得今次區選目標唔係要投邊個係要踢走保皇 民主黨含住都要投唔好白票 今日選舉 可以話係非黑即白你唔掉泛民 基本上=投保皇大局為重 以上觀點只限今次區選,2
1748093,47309,2,2019-11-23 21:33:46,2019-11-23,投白票係割我哋姐,0
1747120,173137,556,2019-11-23 21:15:26,2019-11-23,推 話投白票個d唔好on9,2
1747792,275534,17,2019-11-23 20:53:28,2019-11-23,深藍推唔郁佢投素人#wail#pig 淨係屋企都以一敵四#wail#pig不過 投咗先講#kill#唔投廢票 唔投白票 最緊要唔好唔投票,2
1747957,48083,15,2019-11-23 20:53:21,2019-11-23,冇關係有人叫人投白票，覺得愚蠢咪提出意見乜野集唔集中多撚餘,0
1747991,110786,1,2019-11-23 20:50:48,2019-11-23,就算佢地叫救護車去醫院睇醫生 都只係比副本正本全部keep 起哂聽日拎黎種票唔信既 可以直接問醫院姑娘 今晚新收證既 都無正本係身 老人院職員死都唔肯比正本 特別係本身建制派既選區希望大家幫手推post 諗下對策唔關你投唔投白票事 錯本身就係錯 就算唔投泛民 都唔應該比建制種票成功希望大家一齊諗諗佢,0
1747935,226405,1,2019-11-23 20:19:34,2019-11-23,今日社會又唔係民主社會投白票係對一個民主社會係一個表態無問題咁依家係有民主啦咩？你地仲係到用緊任何方式改變 抗爭遊行集會 人鏈 唱歌 連儂牆 對抗都肯反而落樓投票就唔肯？今日講不割蓆 但到投票就割？泛民係無撚用架啦 問題到今時今日都未割就算呢個制度幾咁無用 唔通大家都希望建制利用資金打壓抗爭咩 至少唔係建制贏爆佢辦事處 佢控制到區議員咪又有錢裝修返 你爆幾多都無用何況 今次係最近既政治公投？你投黃咪代表 我地仲有幾多人係反警暴90 00 後 諗清楚 你地唔係一個民主社會 咩都要做架啦,0
1747930,229502,1,2019-11-23 20:17:58,2019-11-23,向剛生活喺一個漁港，百幾年嚟都冇乜嘢，直到二十幾年前，漁港畀一間大企業收購咗，改咗個名叫唔知乜乜行政區。至此之後，漁港經過無數嘅海嘯同風暴侵襲，間企業嘅員工仲帶嚟疫症，漁港嘅居民苦不堪言。到咗依家，由間企業指派落嚟，叫乜乜長官嘅[u]森奠[/u][u]日蟬[/u]，話要將漁港嘅居民隨時送到間企業做嘢，本來不問世事嘅漁港居民同向剛就好不滿，終於............有二百萬嘅漁港居民出嚟反對呢個政策，但係[u]森奠日蟬[/u]仍然不聽民意，出動3萬名「止暴製亂」嘅「防暴隊」鎮壓居民。隨着時間過去，二百萬居民有啲走嘅走，有啲放棄反抗嘅放棄反抗，有啲冇啦啦失蹤。有啲更加冇端端死咗，仲堅持反抗緊嘅向剛覺得好無助，佢見到明明呢個政策係影響所有人，但總係有啲人當好似冇事發生，仲鬧反抗嘅人係「被煽動」。向剛諗到幾個方法:1.停止內部分化同埋整頓士氣2.增加宣傳3.令漁港外嘅國家知道發生乜事4.保持樂觀主義5.唔好令負面事件影響自己，要化悲憤為動力6.強身健體7.行動時唔好落單8.行動時着黑風褸，加快換裝速度9.見到「便衣防暴隊」時，要幾個人一齊衝埋去，最好打到傷晒，骨折等，「打死唔知好唔好呢?」10.遇到分化嘅人，請無視，唔好引述或回應11.罷光顧支持呢條政策嘅商鋪 (不止食店)12.同身邊嘅人齊上齊落，互相鼓勵13.要走一齊走，或如有人數優勢 (>5-10<倍) ，一齊對抗防暴隊14.和理非都要買gear，預防突發事件15.請尊重手足合理嘅決定16.如有意見分歧，請以安全及可行性為先17.行動時唔好夢遊，要隨時打醒十二分精神18.如有行動資料請勿在大庭廣眾下發佈，因為會有防暴隊偷睇，可以喺相得過嘅人之間分發，但如果係吹雞，咁就冇所謂19.苦嘅屎同甜嘅屎，建制同泛民，寧願投泛民都唔好掉晒佢 (唔好投白票)20.如安全，請盡力救出被防暴隊捉住嘅手足向剛諗咗呢二十條計仔，準備提醒居民呢啲注意事項。漁港嘅命運會係.....? (待續?)[size=6]以上故事純屬虛構，內容與現實完全無關，如有雷同，純屬巧合:)[/size=6]----------------我是分隔線-------------聽日就係區議會選舉，作為一個香港市民，一定要早起身，七點半就要去投票！#yup#lm2#yup#lm2#yup#lm2,2
1747898,144592,1,2019-11-23 20:04:01,2019-11-23,唔好投白票 唔好唔投 我希望可以統一目標,2
1747489,104263,186,2019-11-23 20:00:23,2019-11-23,投票順序：本土→販民→白票https://lih.kg/1747835- 分享自 LIHKG 討論區,1
1743062,104263,60,2019-11-23 19:59:46,2019-11-23,投票順序：本土→販民→白票https://lih.kg/1747835- 分享自 LIHKG 討論區,1
1747846,193628,4,2019-11-23 19:47:46,2019-11-23,同意，聽到好多人話個選舉無用，泛民廢，要投白票或者唔撚投，真係唔屌唔得，on9到一個點，咪撚以為呢個係選舉，呢個係表態，係對支持呢場運動既表態，如果你唔投就姐係否定呢場。,2
1747855,33456,1,2019-11-23 19:47:35,2019-11-23,戇撚鳩咩投白票廢票xx(:o):o):o):o):o):o):o):o)自亂陣腳…xx(xx(xx(xx(,2
1747120,13594,513,2019-11-23 19:40:47,2019-11-23,仲有CNN 德國記者Gphone: 外國記者問我 點解只爭取區議會過半https://lih.kg/1747489- 分享自 LIHKG 討論區收皮啦你 匿埋係自己世界度打J啦 你唔使出門去投票啦 白票同你匿喺屋企打J一樣㗎炸#mock#pig,0
1747263,7292,583,2019-11-23 19:39:24,2019-11-23,D五毛block到我手都軟依家呢個時候應該要做咩你既選擇應該係點，都唔知既人真係好on9當你勇武覺得自己做唔到，話自己係和理非當你話做和理非都驚比人拉，話自己唔想上街當你有得投票時投白票，話自己唔想含淚投泛民我屌晒你地老母[size=6][b][red]投票，你既一票就可以改變到政治既生態[/red][/b][/size=6]我要建制班仆街輸！[red][b][size=6]我同緊你地班建制講緊野呀！收皮啦屌你老母賣港賊[/size=6][/b][/red],2
1747825,306337,1,2019-11-23 19:35:15,2019-11-23,"我個人就係支持白票 唔撚想投販民[size=6][b][red]但係[/red][/b][/size=6]我今次會照投票, 點解? 兩個字[b][size=6][gold]團結[/gold][/size=6][/b]引用美國隊長3 內戰嘅一句對白保持團結本身,比我地點解要團結更加重要.白票撚們, 跟我投一次啦, 當係為咗大家",0
1747807,80777,1,2019-11-23 19:28:40,2019-11-23,https://www.youtube.com/watch?v=hvV-ho0nCj4蕭生講話應該要留到後少少先投，等對家唔可以因爲某個選區好多後生投/似泛民贏就搞事令到果區取消票站。反正如果佢真係取消你就算幾早投都係唔算數。但係當然要留足夠時間啦，因爲入夜應該都會有唔少人去投。仲有，咪撚投白票射落海，泛民就算係豬隊友都係隊友。,2
1747806,247403,1,2019-11-23 19:28:27,2019-11-23,投票 服裝 Be Water. Don't wear Black shirt.只需要冷靜一日警世: 含淚投白票果班Hi Hi將會全票投民賤聯唔投票=投白票=益左民建聯[img]https://na.cx/i/70qf7qf.jpg[/img][img]https://na.cx/i/rmHqLb0.png[/img],0
1747489,221265,173,2019-11-23 19:27:00,2019-11-23,你個名好襯你大話講100次會洗到腦 公投前夕要團結 小心不投撚白票撚投建制撚https://lih.kg/1747689- 分享自 LIHKG 討論區,0
1747263,7292,563,2019-11-23 19:26:30,2019-11-23,D五毛block到我手都軟依家呢個時候應該要做咩你既選擇應該係點，都唔知既人真係好on9當你勇武覺得自己做唔到，話自己係和理非當你話做和理非都驚比人拉，話自己唔想上街當你有得投票時投白票，話自己唔想含淚投泛民我屌晒你地老母[size=6][b][red]投票，你既一票就可以改變到政治既生態[/red][/b][/size=6]我要建制班仆街輸！[red][b][size=6]我同緊你地班建制講緊野呀！收皮啦屌你老母賣港賊[/size=6][/b][/red],2
1746978,221265,456,2019-11-23 19:17:49,2019-11-23,大話講100次會洗到腦 公投前夕要團結 小心不投撚白票撚投建制撚https://lih.kg/1747689- 分享自 LIHKG 討論區,2
1747779,17510,2,2019-11-23 19:17:43,2019-11-23,白票撚入一入黎https://lih.kg/1746761- 分享自 LIHKG 討論區,0
1747263,7292,536,2019-11-23 19:12:43,2019-11-23,D五毛block到我手都軟依家呢個時候應該要做咩你既選擇應該係點，都唔知既人真係好on9當你勇武覺得自己做唔到，話自己係和理非當你話做和理非都驚比人拉，話自己唔想上街當你有得投票時投白票，話自己唔想含淚投泛民我屌晒你地老母[size=6][b][red]投票，你既一票就可以改變到政治既生態[/red][/b][/size=6]我要建制班仆街輸！[red][b][size=6]我同緊你地班建制講緊野呀！收皮啦屌你老母賣港賊[/size=6][/b][/red],2
1747676,221265,17,2019-11-23 19:08:22,2019-11-23,大話講100次會洗到腦 公投前夕要團結 小心不投撚白票撚投建制撚https://lih.kg/1747689- 分享自 LIHKG 討論區,2
1747263,7292,505,2019-11-23 18:57:17,2019-11-23,D五毛block到我手都軟依家呢個時候應該要做咩你既選擇應該係點，都唔知既人真係好on9當你勇武覺得自己做唔到，話自己係和理非當你話做和理非都驚比人拉，話自己唔想上街當你有得投票時投白票，話自己唔想含淚投泛民我屌晒你地老母[size=6][b][red]投票，你既一票就可以改變到政治既生態[/red][/b][/size=6]我要建制班仆街輸！[red][b][size=6]我同緊你地班建制講緊野呀！收皮啦屌你老母賣港賊[/size=6][/b][/red],2
1747263,7292,501,2019-11-23 18:53:12,2019-11-23,D五毛block到我手都軟依家呢個時候應該要做咩你既選擇應該係點，都唔知既人真係好on9當你勇武覺得自己做唔到，話自己係和理非當你話做和理非都驚比人拉，話自己唔想上街當你有得投票時投白票，話自己唔想含淚投泛民我屌晒你地老母[size=6][b][red]投票，你既一票就可以改變到政治既生態[/red][/b][/size=6]我要建制班仆街輸！[red][b][size=6]我同緊你地班建制講緊野呀！收皮啦屌你老母賣港賊[/size=6][/b][/red],2
1747184,288217,459,2019-11-23 18:49:19,2019-11-23,其實叫人投白票嘅，都係間接助攻建制,0
1747263,7292,492,2019-11-23 18:48:59,2019-11-23,D五毛block到我手都軟依家呢個時候應該要做咩你既選擇應該係點，都唔知既人真係好on9當你勇武覺得自己做唔到，話自己係和理非當你話做和理非都驚比人拉，話自己唔想上街當你有得投票時投白票，話自己唔想含淚投泛民我屌晒你地老母[size=6][b][red]投票，你既一票就可以改變到政治既生態[/red][/b][/size=6]我要建制班仆街輸！[red][b][size=6]我同緊你地班建制講緊野呀！收皮啦屌你老母賣港賊[/size=6][/b][/red],2
1747678,290393,20,2019-11-23 18:42:54,2019-11-23,投白票 建制就可以贏 邊個叫投白票 唔係popo 就係五毛,2
1747489,91397,141,2019-11-23 18:40:07,2019-11-23,冇人會分到投白票嘅人係港豬定係唔認可選舉嘅人反而願意暫時放低立場可以攞到唔少資源同國際輿論,0
1746092,241628,104,2019-11-23 18:40:06,2019-11-23,推話投建制同白票的一定係mon po object,0
1747493,45335,28,2019-11-23 18:32:39,2019-11-23,我覺得唔可以咁講得罪講句 熱狗到今時今刻都係度分化我真係唔覺得佢地同路人以前都唔可以肯定 但而家呢個危急存亡之秋佢地仲係度𠝹票 叫人投白票 只會令我覺得佢地9成係鬼你可以覺得飯民係廢 老實講咁多年黎我都係咁覺得 最癲就係四方西同av仁入中聯辦個陣但佢地始終係隊友 一個不可或缺既隊友更何況佢地呢幾年都成長左唔少 連白鴿都冇咁左膠 識不割 老實講呢段時間佢地既表現我覺得係合格有突#yup##yup#如果投白票既只會完美助攻班建制狗 你可以揀你中目中既答案 每個人都有權揀自己心水 但如果最後係建制贏既 難聽啲咁講 咁你就係其中一個罪人你可能投得唔舒服 但無奈選舉就係一個咁既遊戲:),0
1747678,761,2,2019-11-23 18:28:55,2019-11-23,白票係5毛係度吹風2015年咪係又咁吹,0
1747657,72009,1,2019-11-23 18:18:47,2019-11-23,":~(臨終俾人打及輪姦, 之後拋落街及海死無全屍 , 佢地以後領不到票:~(你現在認輸 , 俾人誤導去投白票及對家 :-[ 好嬲呀",2
1747599,58335,26,2019-11-23 18:18:46,2019-11-23,如果輸左白票撚對家撚唔好問點解外國人唔再支持你地,2
1747263,195211,451,2019-11-23 18:18:11,2019-11-23,最討厭陳雲白票粉,2
1747635,68310,1,2019-11-23 18:10:26,2019-11-23,我屌晒你地老母呀一開熱門十個十一個post都係分化post一個話泛民之前賣港唔想含淚投又一個人投白票[size=6][b][red]你地班仆街肯訓醒未？[/red][/b][/size=6]我話比你地聽[size=6][red]聽日投白票、廢票、因為冇本土既唔投泛民既呢班都係大仆街[/red][/size=6]理大手足仲係比班冷血癲狗圍緊城我地今次真係團結咁贏一次啦好冇？[size=6][red]光復香港！ 時代革命！[/red][/size=6],2
1747263,70051,431,2019-11-23 18:10:09,2019-11-23,熱狗好意思話人無做野你班熱狗共諜呢幾個月做到咩野大家心照啦臨選舉先死出黎叫人投白票？,0
1747184,183332,383,2019-11-23 17:56:45,2019-11-23,推，今日吹雞叫人投白票個堆kolxx(xx(,0
1747490,290991,14,2019-11-23 17:55:04,2019-11-23,一票都不能少 唔好投白票投白票 唔投票即係幫班仆街獻世派助攻飯民要計數但唔係聽日全世界睇緊聽日我地係咪跪低呀,2
1747269,50457,15,2019-11-23 17:53:46,2019-11-23,香港都差啲賴晒野，白票論真係好仆街的一套說法,2
1747263,7292,411,2019-11-23 17:52:35,2019-11-23,D五毛block到我手都軟依家呢個時候應該要做咩你既選擇應該係點，都唔知既人真係好on9當你勇武覺得自己做唔到，話自己係和理非當你話做和理非都驚比人拉，話自己唔想上街當你有得投票時投白票，話自己唔想含淚投泛民我屌晒你地老母[size=6][b][red]投票，你既一票就可以改變到政治既生態[/red][/b][/size=6]我要建制班仆街輸！[red][b][size=6]我同緊你地班建制講緊野呀！收皮啦屌你老母賣港賊[/size=6][/b][/red],2
1747184,132557,362,2019-11-23 17:34:10,2019-11-23,吹風投白票射落海益建制係五毛,2
1747120,3937,453,2019-11-23 17:33:13,2019-11-23,今時今日仲覺得自己有投白票本錢除左笑都唔知講咩好[sosad],0
1747263,7292,381,2019-11-23 17:30:30,2019-11-23,D五毛block到我手都軟依家呢個時候應該要做咩你既選擇應該係點，都唔知既人真係好on9當你勇武覺得自己做唔到，話自己係和理非當你話做和理非都驚比人拉，話自己唔想上街當你有得投票時投白票，話自己唔想含淚投泛民我屌晒你地老母[size=6][b][red]投票，你既一票就可以改變到政治既生態[/red][/b][/size=6]我要建制班仆街輸！[red][b][size=6]我同緊你地班建制講緊野呀！收皮啦屌你老母賣港賊[/size=6][/b][/red],2
1747265,282836,76,2019-11-23 17:30:20,2019-11-23,只要討論出現以下組合，我會當＋1留言投 ____ 白票投 _____廢票不投票投 ______ 建制投 ______ 民建聯投 ______ 民賤聯投 _______禮義廉投________工聯會投________工賊會投________自由黨投________經民聯投________新民黨,0
1747184,55533,350,2019-11-23 17:18:46,2019-11-23,唔投建制都請唔好投白票廢票,2
1747263,30842,358,2019-11-23 17:16:34,2019-11-23,咪撚投白票呀:-[:-[,2
1747530,21394,1,2019-11-23 17:13:02,2019-11-23,如果你唔可以容忍美國投廢票，點解可以接受自己投白票，甚至係對家？,0
1747529,333051,1,2019-11-23 17:12:56,2019-11-23,[size=5][b][red]區選對運動重唔重要？#math#dog[/red][/b][/size=5]- 重要！好簡單，寸土必爭，體制內外都要籌碼、力量。- 區議員一來可以為下年立法會候選人做椿腳，二來佔特首選委差唔多10%。冇錯，我地唔同意現行既立法會、特首選舉機制；但要推翻現行制度，制度內外都要有我地既力量、手足。- 團結一切可團結既人，即係非建制派（包括勇武、本土、泛民），唔好投白票。[b][size=5][red]手足，寸土必爭，和勇不分！[/red][/size=5][/b],2
1747263,52943,333,2019-11-23 17:01:46,2019-11-23,投白票跟本就係弱智行為屌你老母同抬建制上位有咩分別者屌你老母,2
1747263,129878,321,2019-11-23 16:55:32,2019-11-23,"Push 叫人投白票, 分化泛民一定係鬼, 呢招用左好多年",2
1746388,151365,119,2019-11-23 16:50:03,2019-11-23,見到FB有好多對泛民私怨撚既page吹本土->白票->建制->泛民xx(,0
1747375,188795,67,2019-11-23 16:48:57,2019-11-23,因為對家種票贏得唔會光彩但自己人投白票真係好撚柒文宣組要點兜我真係諗唔到 同人講私怨大過天？,2
1747120,206284,416,2019-11-23 16:40:00,2019-11-23,[b][size=5]今次咪撚白票呀#argue#pig#argue#pig無可否認泛民幾撚阻膠都好佢地今次都幫咗好多手#drum#pig#drum#pig聽日7點 同我準時起身齊投票#pointing#pig#pointing#pig[/size=5][/b],2
1745848,335434,445,2019-11-23 16:26:44,2019-11-23,單議席單票制 個策略係衡量利弊每隻奶共狗當選意味住 佢拎到過千萬資源俾班藍絲吃喝玩樂四年 再資助班藍絲廢老撞到我地無咗對腳 或者隊到我地腸都跌埋出黎 如果你認為呢啲弊處係少過由非建制派當選當選嘅弊處 咁你就應該聽日投建制或者白票喇,1
1747263,200975,279,2019-11-23 16:26:04,2019-11-23,我都諗唔撚明投白票嘅用意係乜 大佬我地依家撚有民主咩 表乜撚嘢態 政府理撚你咩,2
1743191,193538,90,2019-11-23 16:16:21,2019-11-23,"我嗰邊一個建制/一個泛民/一個垃圾! 一定唔好投白票! 唔會製造廢票!  唔好俾人吹風![member]我老闆係支那政協, 佢全家特登飛返嚟投票, 一定係收到支共order!聽日一定種票得好厲害 [/member]",2
1724284,129924,995,2019-11-23 16:15:34,2019-11-23,其實唔投票我唔反對區選個個候選人都哂鳩氣區議員會做實事分分鐘得1/3人:o)白票真係多鳩餘 唔投慳返時間好過不過今屆區選突然聚焦哂去政治立場[sosad],2
1747184,33959,275,2019-11-23 16:11:16,2019-11-23,都係嗰句如果投票依個零成本嘅方式都唔投/投白票嘅話就唔好再話自己係同路人,2
1747407,38154,9,2019-11-23 16:09:20,2019-11-23,白票等同投保皇狗！,0
1747184,228181,259,2019-11-23 15:57:58,2019-11-23,無人覺得靠個制度會贏返香港番黎，就算聽日投泛民亦都唔係覺得佢地會救到香港，但係咪就等於要投建制？投建制 / 白票就可以贏返香港？如果係我一定投建制呀,0
1747263,7292,196,2019-11-23 15:53:37,2019-11-23,D五毛block到我手都軟依家呢個時候應該要做咩你既選擇應該係點，都唔知既人真係好on9當你勇武覺得自己做唔到，話自己係和理非當你話做和理非都驚比人拉，話自己唔想上街當你有得投票時投白票，話自己唔想含淚投泛民我屌晒你地老母[size=6][b][red]投票，你既一票就可以改變到政治既生態[/red][/b][/size=6]我要建制班仆街輸！[red][b][size=6]我同緊你地班建制講緊野呀！收皮啦屌你老母賣港賊[/size=6][/b][/red],2
1746092,125566,78,2019-11-23 15:53:01,2019-11-23,推到白票撚見到！#drum#pig,0
1747132,12911,20,2019-11-23 15:45:51,2019-11-23,睇上次立法會個白票rate其實好低,0
1747263,76323,167,2019-11-23 15:41:12,2019-11-23,投白票/唔投票 = on9,2
1747351,276293,13,2019-11-23 15:40:55,2019-11-23,"理你老母, 收皮啦無撚腦咪唔投或者白票囉",2
1747350,73111,2,2019-11-23 15:35:02,2019-11-23,素人~=本土>泛民>唔投>白票>>>>>>>>民賤聯/保皇黨,1
1747184,263694,206,2019-11-23 15:34:54,2019-11-23,死都唔投白票同建制,2
1737937,57854,6,2019-11-23 15:33:06,2019-11-23,依家玩埋分化玩投白票 射落海再咁落去 輸緊呀！,2
1747263,10528,92,2019-11-23 15:24:45,2019-11-23,推 唔好投白票寧願投泛民同本土都唔投民建聯香港人再冇輸既本錢,2
1747144,244623,17,2019-11-23 15:22:37,2019-11-23,我成篇嘢邊有一隻字話投票係唔公平唔民主？？？我只係想話 唔好吹到區選輸等於運動完結ok?乜都冇講又話我熱狗:o)第二 絕不支持投白票同投建制射落海我聽朝七點半去等票站開又話你知咩#haha#dog,2
1747281,255333,18,2019-11-23 15:17:44,2019-11-23,咁多手足被人拉咗都叫人投白票嗰啲，唔係5毛就係智障,2
1747318,306938,1,2019-11-23 15:17:28,2019-11-23,市民已受到港共分化大量選民從民主偏向投白票/建制 加上聽日政府又再出招令票站提早關門 最後一著就係種票。 呢排運動風氣已被理大戰大挫 市民又以區選期為由減少示 早已跌入政府既劇本 其實唔洗等區選結果 運動定必在聖誕節前結束。,0
1747120,48061,263,2019-11-23 15:16:30,2019-11-23,投白票等於支持狗隊姦殺手足,2
1747312,251265,2,2019-11-23 15:16:26,2019-11-23,企圖抹黑民主派，呼籲手足投白票一律視為共諜,2
1747151,212168,24,2019-11-23 15:12:14,2019-11-23,投白票既全部係割席L,2
1747291,310765,39,2019-11-23 15:09:31,2019-11-23,[red][size=6]香港人，不投白票！#:)#b[/size=6][/red],2
1747232,279253,159,2019-11-23 15:05:06,2019-11-23,"就算投完輸咗都會繼續投,絕不投俾建制同白票",2
1747289,118288,1,2019-11-23 15:04:48,2019-11-23,真係忍唔住第一次出post 依幾日出面分化撚又好五毛撚又好 都開post叫人投白票/射落海/甚至係投建制（依個屌都廢事）然後下面又一大班人係到討論 唔理係風向撚又好私怨撚都好啦 原諒我咁直接想問一句 香港人係咪真係咁撚蠢呀？ 區選目標咁明確要建制輸都要嘈咁耐？ 好多選區其實都係二揀一 其中一個係建制嘅 咁咪投建制嘅另一方囉 唔理佢係本土又好 泛民又好 熱狗又好 總之一定要建制一個選區都贏唔到呀！ 如果因為唔想含淚投票比泛民/本土/熱狗 就投比建制或者白票 咁當初5/6月個陣吹雞叫人做選民有咩意思？多左40萬白票？一句到尾 建制一定要輸！五大訴求 缺一不可 光復香港 時代革命,1
1747120,181943,231,2019-11-23 15:03:28,2019-11-23,我話撚知你投本土/泛民定熱狗總之唔好白票就算最後真係出現𠝹票搞到建制贏睇返票數都反映到票源分佈係藍定黃多所以我唔撚介意你地投邊個總之唔好白票,2
1747241,65910,107,2019-11-23 15:03:27,2019-11-23,投白票死全家,2
1747241,288063,87,2019-11-23 15:00:44,2019-11-23,真.香港人不投白票,2
1747279,154054,1,2019-11-23 15:00:42,2019-11-23,[size=6][red]香港人，不投白票#argue#pig#drum#pig[/red][/size=6],2
1746305,251265,480,2019-11-23 14:58:58,2019-11-23,企圖抹黑民主派，呼籲手足投白票一律視為共諜,2
1747135,251265,8,2019-11-23 14:58:37,2019-11-23,企圖抹黑民主派，呼籲手足投白票一律視為共諜,2
1747241,2210,50,2019-11-23 14:55:11,2019-11-23,香港人，不投白票！,2
1747241,96383,51,2019-11-23 14:55:11,2019-11-23,之前都會諗住投白票今次運動見泛民議員都有出黎前線幫示威者所以都會投比佢地,2
1747176,251265,21,2019-11-23 14:52:55,2019-11-23,企圖抹黑民主派，呼籲手足投白票一律視為共諜,2
1747151,214173,9,2019-11-23 14:48:28,2019-11-23,"預演林鄭:今屆區議會選舉有超過6成選民投票支持建制派議員,民意上支持政府止暴制亂,祈望美國立即停止香港人權及民主法案立法,停止干預香港事務,示威者請尊重民意停止任何違法行為,香港政府必定加強止步制亂以回應廣大民意放棄投票/投白票等於放棄道德高地讓政權任意踐踏,為極權政府護航O:-)",0
1747241,120627,25,2019-11-23 14:45:46,2019-11-23,[size=6][b][red]射白票/棄票都係益建制[/red][/b][/size=6],2
1743989,251265,804,2019-11-23 14:42:40,2019-11-23,企圖抹黑民主派，呼籲手足投白票一律視為共諜,2
1747214,251265,17,2019-11-23 14:35:27,2019-11-23,企圖抹黑民主派，呼籲手足投白票一律視為共諜,2
1746833,251265,250,2019-11-23 14:32:39,2019-11-23,企圖抹黑民主派，呼籲手足投白票一律視為共諜,2
1747120,68493,96,2019-11-23 14:32:31,2019-11-23,叫人投白票既一係無撚腦，一係就五毛，係咁簡單,2
1747120,45660,66,2019-11-23 14:25:15,2019-11-23,投白票=弱智投建制=人渣仲有咩好嘈,2
1747184,178001,10,2019-11-23 14:15:31,2019-11-23,"呢D永遠唔見熱狗，五毛入黎，因為駁唔到，所以點解出邊咁撚多白票分化post,自己諗",0
1747012,259882,255,2019-11-23 13:49:58,2019-11-23,你入去話你投白票/dab咪得,0
1746924,238461,176,2019-11-23 13:46:23,2019-11-23,所以大家唔好再信咩白票唔好投求求大家，參選果個幾唔中意都選左先，贏左再慢慢屌佢,2
1747051,122590,71,2019-11-23 13:43:27,2019-11-23,得罪講句 依家仲投建制/白票 =弱智仔/五毛:D,2
1747120,46340,9,2019-11-23 13:43:10,2019-11-23,泛民係仆街但都叫自己友，[red][size=5]投白票既即係幫緊有份推網絡23條，普教中，國歌法，大白象工程，送中條例，禁蒙面法等等既建制派。[/size=5][/red],0
1747051,118822,56,2019-11-23 13:23:18,2019-11-23,點解唔係？白票 VS 掌心雷你自己諗下點解白票會幫左建制表態唔係呢個時候表 拜托,2
1747109,74763,1,2019-11-23 13:22:49,2019-11-23,"呢篇文唔係講乜春等墨水乾、中午之前投等等，而係投票之後的後續心理準備同行動，大家一齊思考下，唔好投完就當救咗香港。至於點解唔係投票後出文，係因為之後可能會有好多行動post，再者希望大家對自己一票負責。事前提醒大家總比有事發生果時講好。雖然我會投泛民，但內容會有部份屌泛民，如果閣下擔心自己意志力薄弱、或者玻璃心，求求你投完票返黎再睇。一、認清自己投票目的首先，如果你認為呢次係民意公投並宣傳，咁你要小心泛民無大勝既話，就係你間接助攻建制派。唔好沉迷同溫層，加上社會有一大部份人係依附係強權一邊，要拎呢班人既民意就只有贏咗之後，呢班牆頭草一定係撐政府。如果係單純拎資源，咁作為一個理性投資者，你要做既係持續監察d 資源去咗邊？已經有候選人口頭承諾會拎錢幫示威者，咁就算其他人唔拎錢幫手，最起碼都要搞好自己個區啊。唔好到時有咗資源又話 唔通直接俾錢你買軍火咩？ 最卑微咁求下你地拎資源，幫下俾人拉咗既人既家庭。再者泛民律師精英雲集，總有方法搵到名目幫抗爭者。二、唔好因現時氣氛錯估議會功用先唔講家下唔係選立法會，就算係，本身議會做到既野已經有限。如果你想議會有返 d 用，記得要監察下佢地投咗咩票，做咗咩決定。 呢場運動唔會單單因為你投完票而完結，正如6月大家都睇得g20好重。所以今次不論結果，唔好灰心同放棄，反正呢個只係小小的支線。三、嚴格對待政客、寛容對待平民民主制度既好處，就係令到高高在上既政客都需要顧及有票既賤民。我地成日講要民主，咁首先就係認清我地唔係政客既食糧，投票係為左換取議員幫我地做事。我發現連登好多人對平民非常嚴格、但對政客就過份包容。連登仔會屌柒前線決策唔好、畫面唔靚、鶳錯人、太多裝修、又會屌柒d 人投白票。但議員缺席議會投棄權投對家，連登仔有無留意過？幾多人提出問題就俾人屌分化？ 唔該認清好多人其實都係含撚投票，當選後唔該用行動去證明含完有價值。家下泛民有改進有改善唔敢割蓆，有部份原因係因為之前選舉失利，知道本土派都係一班持份者、唔單單係蛤蟆。比起堅定不移投票，當你既一票會因應表現而投既時候，你呢一票既能力就會大好多。盲撐唔該你盲撐返前線示威者，而唔係政客。好多人為咗吸引投票，講乜春血債票償，咁唔該你地監察返償咗d 乜春，流血既人得唔得到支援。有人為咗吸本土票，竟然講投咗泛民先，之後先慢慢踢走泛民揀本土，其實家下就應該迫泛民進步。你老細叫你負責請人，請完就會炒咗你，咁你仲會唔會落力請人？又或者老細叫你整好公司個電腦系統，整好就會炒咗你，咁你仲會唔會咁快手？講到有民主就可以踢走泛民有本土，唔好天真啦，咁泛民仲幫你爭乜野民主？到真係有普選果日，本土都會俾人講成係鬼，要大家投泛民，呢個就係政治。題外話：大家可以原諒泛民，但唔可以忘記。大家可以選擇投完票先再慢慢翻查泛民過往紀錄，然後迫佢地唔好再犯錯。無錯我係私怨，但同時我會記得大躍進、會記得文革，會記得當年民主回歸論。記性好，先可以避免俾人撚。幾多人後悔果時楊岳橋唔投梁天琦，大家又記唔記得梁天琦俾幾多人話過係鬼？DQ6? DQ4 only.  因為呢次運動，好多後生都政治覺醒咗，但未必咁清楚以前既事，例如有人因為糾察而俾人拉咗？ 當然前事可以不計，但防人之心不可無。所有前線千其唔好俾泛民知道你真正身份。我知我會俾人屌係熱狗，其實我好樂意大家屌柒所有熱狗，只要你用同樣標準對所有政黨，除咗白頭佬果種大錯之外，大家反而好寛容對其他錯誤，反而6,7月好多人問鄭松泰係邊even 佢有出現，完全雙重標準。我預會俾人屌係鬼屌係五毛，對極端泛民黎講，叫人投票前思考已經係罪過，香港已經因為民主回歸論失去咗好多時間，我唔希望年輕一代掉以輕心，大家將來仲會面對好多困難，要時刻打醒精神，唔可以放棄思考，even 思考會帶黎好多痛苦，我講既野你可以投完哂票先再諗，但唔好踏入投票輪迴。今次香港係面對好大困境，同時係一個機會防止俾人拖下拖下拖去2047。",0
1747068,55010,5,2019-11-23 13:16:57,2019-11-23,白票撚咪撚再吹風,2
1747051,122590,54,2019-11-23 13:16:49,2019-11-23,個個似你交白票 建制一定贏你民d懶係激進又唔撚用腦鬼唔知本土好過泛民 敵人既敵人就係朋友知唔知我話你on9都唔撚關你事,0
1747054,106851,1,2019-11-23 12:47:31,2019-11-23,一撚定要投黃兆健同嚴浩源我哋唔撚係垃圾國師或者鳩達，淨係識屌票，本土>泛民>白票>建制呢個大原則下，我哋係要建制輸到仆街，所以2揀1之下一撚定要投熱狗，其餘3區唔撚識，請巴打提供下意見運頭塘：[red]黃兆健(熱狗)[/red]，余智榮(建制)逸澤：郭慶平(前泛民)，王頴思(熱狗)，范煦瑜(實政圓桌)良景：王德源(屯門社區網絡)，程志紅(民建聯)，鄧文傑(熱狗)田景：梁灝文(獨立民主派)，李洪森(民建聯)，梁逸朗(熱狗)，雷美玉(唔撚知)長亨：盧婉婷(民建聯)，[red]嚴浩源(熱狗)[/red],0
1746839,29704,202,2019-11-23 12:46:03,2019-11-23,我代 民賤聯工聯會多謝你投白票，唔割又屌， 割又屌，跟住投白票撐警暴，我屌你老母,2
1747051,153452,1,2019-11-23 12:46:01,2019-11-23,我唔係要泛民win 我係要建制輸 大家要記住呢樣野無論你幾憎泛民都好都唔可以俾保皇黨win你寧願食一舊美女既屎 定啊伯既爛屎？ 答案好撚簡單[size=5][b]總之 邊個投建制or 白票就係鬼！！！！[/b][/size=5],2
1746978,214173,21,2019-11-23 12:22:09,2019-11-23,"預演林鄭:今屆區議會選舉有超過6成選民投票支持建制派議員,民意上支持政府止暴制亂,祈望美國立即停止香港人權及民主法案立法,停止干預香港事務,示威者請尊重民意停止任何違法行為,香港政府必定加強止步制亂以回應廣大民意放棄投票/投白票等於放棄道德高地讓政權任意踐踏,為極權政府護航O:-)",2
1746761,67065,61,2019-11-23 12:20:10,2019-11-23,立會否決權無左 無得拉布 因為無左3分1否決起我理解唔到投白票對件事有咩幫助即係反正乜都做唔到 錢都送埋比對家會好D???,2
1746839,110019,141,2019-11-23 12:03:48,2019-11-23,你話\\幾年前叫人投建制可以攬炒，依家咪搞成咁囉！係呀！係攬炒緊（？）呀！\\丫嘛你呢句野就係話當年唔含投白票或者投共狗搞成依家咁係做錯左呀嘛我咪講返果陣點解要焦土販民囉，果陣焦土販民係岩既你同我講依家2019做乜柒，我有話過今次一樣唔好含咩？,0
1746674,181088,50,2019-11-23 12:02:27,2019-11-23,今次真係好大鍋求下各位大佬唔好投白票⋯⋯,2
1745848,214173,270,2019-11-23 12:00:07,2019-11-23,"預演林鄭:今屆區議會選舉有超過6成選民投票支持建制派議員,民意上支持政府止暴制亂,祈望美國立即停止香港人權及民主法案立法,停止干預香港事務,示威者請尊重民意停止任何違法行為,香港政府必定加強止步制亂以回應廣大民意放棄投票/投白票等於放棄道德高地讓政權任意踐踏,為極權政府護航O:-)",0
1745848,33959,268,2019-11-23 11:58:49,2019-11-23,都係嗰句如果投票依個零成本嘅方式都唔投/投白票嘅話就唔好再話自己係同路人,2
1746839,65072,107,2019-11-23 11:44:43,2019-11-23,"[red][size=6]一早講咗熱狗同陳雲敵人永遠係泛民, 唔係建制熱狗=建制B隊專門沬黑, 分化, 割蓆唔會係同路人陳雲：有本土投本土。投白票是0懲罰敵人，投建制是加倍懲罰敵人。[url]https://lih.kg/ezGsiS[/url][/size=6][/red]",0
1746674,183817,40,2019-11-23 11:39:46,2019-11-23,"各位，白票多啲定種票多啲？肯定係種票啦！我哋係有責任同出面講區議會係比權力把持住，種票配票掌心雷咩都有（但外國人問點解唔ditch個議會制度講真唔係識兜，因為理論上制度唔公平就應該唔好跟個制度行，反映唔到民意）Anyways,贏到係個好細嘅bonus,輸咗就預咗。",0
1746672,14897,266,2019-11-23 11:39:32,2019-11-23,唔好投白票同廢票我求求大家 積極投票 好嗎#adore##adore##adore#,2
1746884,193361,16,2019-11-23 11:30:18,2019-11-23,[size=6][gold]投白票的人就仲燃on9既，投左幾十年香港有咩改變到？身邊仲有人覺得自己做得岩[/gold][/size=6],2
1746674,67043,33,2019-11-23 11:25:50,2019-11-23,"今次唔同以前, 純投票, 今次係代表埋民意, 唔建議投白票",2
1746886,65530,1,2019-11-23 11:15:05,2019-11-23,唔好失禮人 唔好投廢白票,2
1746836,13759,16,2019-11-23 11:02:27,2019-11-23,到時出到黎結果話，我投咗呀，白票[size=6][red]白票唔計呀，以為自己好醒[/red][/size=6]#bye#lm2你班人重話齊上齊落不分化，重衰撚過口號[size=5][blue][blue]人哋建制派廢老真係齊上齊落啦，幾垃圾都照投[/blue][/blue][/size=5]你幾時見過廢老投白票[size=5][red]我真係贏撚硬[/red][/size=5]#kill#lm2,2
1746182,23649,1122,2019-11-23 11:02:08,2019-11-23,佢地諗得選舉太過理想化姐選舉從來都係兩害取其輕我地對住建制派呢個國家級機器一定要齊心寸土不讓先有機會贏Eg 其實小英任內都有唔少柒野但投白票=投韓國瑜=俾韓國瑜當選=冚家鏟所以兩害取其輕點都要投小英,0
1746672,158888,223,2019-11-23 10:54:17,2019-11-23,唔好投白票唔好投保皇黨,2
1746837,82540,1,2019-11-23 10:45:44,2019-11-23,建制，白票，分化你地班撚樣，我屌曬你地老母和勇泛不分雖然泛民唔抵幫但係我情願射俾泛民至少泛民可以俾我地屌醒,2
1745848,102914,181,2019-11-23 10:19:25,2019-11-23,諗住投白票果啲，諗吓如果建制贏左場運動會點,0
1746616,9049,8,2019-11-23 10:16:09,2019-11-23,多謝支持暴政多謝支持獨裁多謝支持鎮壓香港人代林鄭政府/黑警多謝你哋投白票/投廢票/建制票,0
1746182,333912,1040,2019-11-23 09:48:05,2019-11-23,所以班叫人投白票果班咪唔理政治生態囉，係鳩叫人唔好投，又唔係全民杯葛，呢個時勢仲走出黎分票除左自私我睇唔到其他野，可能係覺得自己好勁係度自high掛🤦🏻‍♂️,2
1745848,160747,142,2019-11-23 09:46:34,2019-11-23,死都唔會投白票同保皇黨,2
1745848,9747,92,2019-11-23 08:47:09,2019-11-23,可惜好多自以為睇透既垃圾話投白票抗議:o):o):o),2
1746388,155431,33,2019-11-23 08:45:08,2019-11-23,Ok 白票,1
1743348,221265,79,2019-11-23 08:27:44,2019-11-23,好多三毛仲叫人投白票/咪投/投保皇連第一步踼走建制都做唔到，就想同時清算泛民？唔好諗得太理想啦。唔團結點會贏呀香港人！次鳩次[red]跌入中共離間圈套佢哋最叻統一戰線打倒主要敵人泛民後次要敵人（我哋）就冇命[/red],0
1746672,221265,3,2019-11-23 08:26:27,2019-11-23,好多三毛仲叫人投白票/咪投/投保皇連第一步踼走建制都做唔到，就想同時清算泛民？唔好諗得太理想啦。唔團結點會贏呀香港人！次鳩次[red]跌入中共離間圈套佢哋最叻統一戰線打倒主要敵人泛民後次要敵人（我哋）就冇命[/red],0
1746600,164590,336,2019-11-23 07:31:58,2019-11-23,我咪叫人哋喊住都要投民主派囉冇叫過人投白票或者唔好頭或者頭建制喎[sosad],0
1746627,254383,73,2019-11-23 07:27:32,2019-11-23,[b][size=6]今次係公投，投白票就係鬼[/size=6][/b],2
1746600,164590,212,2019-11-23 06:34:25,2019-11-23,含淚投泛民，唔係叫你投白票，你識唔識中文？,0
1746427,2314,39,2019-11-23 06:32:00,2019-11-23,屌，你唔投或投白票即係比咗本錢對家！到時對家勝出就大條道理話全港民意係佢地度，咁好咩？對唔對得住手足？今次就算唔喜歡民主派都要投，因為更想見到建制PK明唔明！,2
1746427,144272,26,2019-11-23 03:38:59,2019-11-23,投白票= 建制多謝你,0
1746522,210956,17,2019-11-23 03:31:40,2019-11-23,正正因為唔信任制度、唔信任泛民/保皇黨，我先選擇上街遊行參與抗爭選票係政治表態當冇我心儀既候選人時，點解唔可以投白票話比人知我唔信任呢個制度？,1
1742954,51349,145,2019-11-23 02:12:05,2019-11-23,"1係on9 ,2飯民唔出聲係好仆街 但點阻止主席凌架議會?兩樣野加埋 唔代表要放棄係議會反抗對我黎講議會反抗就被強姦去反抗,可能冇用,但你試都唔試就等死議會係已經冇咩作用 但都重有少少成件事係冇合法性 但被逼就係要去參加,唔做,建制同政府作惡更加大當年特首選舉,好似何俊仁 去選係電視論壇講佢講唔係為贏 係黎揭穿小圈子既假面目放開原則性去討論 佢去電視論壇去屌侯選人 會吸引到唔去留意既人現實上就係做唔到公投嘛  兩邊肯定鬥spin 呢次係民意 最後我係好同意 民主派應協調讓素人 同 鄭立叫當選者捐人工比抗爭人士只係唔贊同有人(唔係話你)係咁講 投對家/白票/議會0作用",2
1745812,94502,3,2019-11-23 02:01:34,2019-11-23,區議會同區選係兩回事如果要執著贏議席我地只會分裂為票數選先有得兄弟爬山（唔包焦土撚白票撚）,0
1746182,142429,581,2019-11-23 01:06:47,2019-11-23,咪信白票/唔投撚,2
1744991,76383,61,2019-11-23 01:03:31,2019-11-23,千其唔好投白票，要投比你覺得最大機會贏果個泛民/本土今次目標唔係想泛民定本土贏目標得一個就係[size=5][red]建制要輸[/red][/size=5]！！,2
1746121,288199,263,2019-11-23 00:06:04,2019-11-23,無黃會棄票無前線會支持白票分化撚要收皮黃就黃藍就藍無中間,0
1746230,300888,1,2019-11-22 23:52:58,2019-11-22,屌你老尾一個二個割蓆撚，#hate#lm2區選都未到就大屌自己友，好囉而家一齊攬炒囉，#dislike#lm2咩撚野投白票唔投票投建制，咁不如聽日開始全撚部唔好叫自已香港人啦，叫自己新中國人啦。#wine#pig將全撚部民意撚中立撚偽黃撚杯曬出去、再將班阻膠趕走哂。之後得返狗沖撚，冇撚哂啲後場，冇撚晒cover再去做送頭撚。#wail#pig#wail#pig你睇睇人地建制幾撚團結，幾撚齊心。#drum#pig而家仲好撚把炮落戰書黎區選，然後而家到我地就唔敢接呢個戰書。好囉，我就睇睇呢場區選輸左我地點撚樣，冇左民意我睇睇我地用咩資格代表香港人，再睇睇侵侵係冇香港民意支持下點簽個法案。#wail#pig到時點對得住個五千幾個手足，再加上露左面未拉的各位，慢慢一個二個黎秋後算賬，之後一齊去再教育。到時唔好問點解咁多浮屍。區選雖然贏咗都冇撚用，但唔贏我地可以一齊收皮。#arrested#pig再睇睇下人地做緊咩，拉票扮野分化我地，#kill#pig個千幾位埋土手足，係呢種情況下，覺得比我地出賣，再加上藍絲的溫情軟攻，到時唔知有幾多最黃變最藍。我地食緊人血饅頭的同時，仲要自己人打自己人。#shocking#pig人地拉票，用民生攬炒，搞文革式批鬥，我地都仲要自己黎個內鬥。到時我地可以諗吓呢場暴動叫咩名啦，一齊睇住班毅進仔點樣賣港再發過豬頭，再睇淋病做到幾時退休。歷史從來都係勝利者寫的，贏咗我地都係義士，輸左我地只係廢青暴從。團結或者未必贏，但唔團結就一定輸。#drum#pig#drum#pig發夢的工兵，補給兵，文宣,2
1745783,95968,469,2019-11-22 23:05:43,2019-11-22,總之唔好投白票 唔好投建制就得,2
1745783,116033,466,2019-11-22 22:59:52,2019-11-22,投本土定泛民係個人選擇 但投白票/唔投票=投建制=屎忽鬼,2
1745783,52751,411,2019-11-22 22:00:22,2019-11-22,樓主用天琦做例子講得幾好又唔見你用熱狗論証下？BTW 支持思考過先投，同路人一票不投建制不投白票,2
1745110,206971,287,2019-11-22 21:59:37,2019-11-22,呢度好奇怪，叫你唔好當投票係公投，然後就會有人責怪你咁係投白票。。。。 中間個logic去咗邊。。。。可惜既係，當年叫你五區公投，就啋你都傻。。。。,0
1745546,83989,372,2019-11-22 21:41:47,2019-11-22,啲人叫人投白票/唔投都係cls抗爭都投票唔可以一齊做？ 你要推倒政權 咁你推緊個陣增加自己既本錢唔得？,2
1745967,27451,2,2019-11-22 21:35:25,2019-11-22,成個連登都係隱性五毛洗版叫人投白票[sosad][sosad],0
1745110,38523,275,2019-11-22 20:50:13,2019-11-22,你去問佢地本人囉[sosad]唔講保皇狗打手叫人投白票你又來問連登仔咩[sosad],0
1745205,113000,60,2019-11-22 20:48:59,2019-11-22,白票撚根本建制2.0黎係有心咪自己走去選囉睇下有冇人選,0
1745456,297241,817,2019-11-22 20:44:26,2019-11-22,"痴線焦土最基本原則, 就係不要將資源留給敵人if 飯民=建制=敵人, then 無論你投建制泛民定白票, 資源都係益咗敵人咁焦條毛呀?最基本概念都未攪清",0
1745762,251265,3,2019-11-22 20:30:48,2019-11-22,企圖抹黑民主派，呼籲手足投白票一律視為共諜。,2
1745783,188411,207,2019-11-22 20:21:42,2019-11-22,巴打，我好明白，經過中大理大一役，決定投白票,1
1745793,251265,10,2019-11-22 20:03:51,2019-11-22,企圖抹黑民主派，呼籲手足投白票一律視為共諜,2
1745825,16534,1,2019-11-22 20:01:40,2019-11-22,"[red][size=6]1. 全民根據[url]https://vote4.hk/[/url]投票[/size=6][/red]39萬新增選民，唔投既話你登記黎做咩 送埋指南話你知應該投邊個 [red][red][size=6]2. 不會投白票[/size=6][/red][/red]泛民係pk 但我地今次唔係要泛民贏，係要建制輸 [red][size=6]3. 投票站內指定位置蓋好印，吹乾，對摺，先離開蓋印範圍[/size=6][/red]保證選票完好無缺及有效，同時無人睇到你投左咩 [red][size=6]4. 沒有dress code，全民街坊裝[/size=6][/red]區選用票表達自己意見就足夠，帶口罩仲有機會比守票站嘅popo用禁蒙面法拉 [red][size=6]5. 不會主動挑釁守票站警員[/size=6][/red]政府已經講明當日每個票站都會有2個full gear green object 大家要明白每次投票本身都會有警員守，著唔著綠色衫 no big deal 當佢透明就得 [red][size=6]6. 主動做票站外調查，並表示已投建制[/size=6][/red]投完總會有人拎住ipad問你投左咩 九成九係建制派既民調，係佢地下年立法會選舉配票用 影響建制配票，你我有責 [red][size=6]7. 對票站職員有禮貌[/size=6][/red]雖然大部份票站職員都係公務員廢中廢老 但冇需要出言相惡，我地係文明有禮既人 你玩野佢搞到你變廢票仲更加冇意思 [red][size=6]8. 選舉完結後到票站監票[/size=6][/red]監察點票，你我有責  現實： 區議會選舉現時建制佔7成4議席 大家要明白今次國家機器一定會全開，投票率會創新高 泛民／素人合共取得過半議席機會係近乎零 但如果建制變到只得返6成議席，已經係一個非常好既結果區選唔同立法會選舉，並非行比例代表制 玩法好簡單 只有一個贏家，最多票就贏 希望大家唔好分薄票源 All in一個候選人就得[red][size=6]光復香港，時代革命1124會係呢幾個月最和平既weekend[/size=6][/red]",2
1745812,94502,2,2019-11-22 19:58:44,2019-11-22,白票撚死全家,2
1745819,251265,2,2019-11-22 19:58:20,2019-11-22,企圖抹黑民主派，呼籲手足投白票一律視為共諜,2
1745569,251265,7,2019-11-22 19:56:02,2019-11-22,企圖抹黑民主派，呼籲手足投白票一律視為共諜,2
1745223,251265,50,2019-11-22 19:55:33,2019-11-22,企圖抹黑民主派，呼籲手足投白票一律視為共諜,2
1744374,251265,1100,2019-11-22 19:43:49,2019-11-22,企圖抹黑民主派，呼籲手足投白票一律視為共諜,2
1745280,251265,13,2019-11-22 19:43:31,2019-11-22,企圖抹黑民主派，呼籲手足投白票一律視為共諜,2
1745783,251265,9,2019-11-22 19:43:07,2019-11-22,企圖抹黑民主派，呼籲手足投白票一律視為共諜,2
1745546,86675,314,2019-11-22 19:33:15,2019-11-22,投白票咪姐等同投親中派,0
1745205,133412,14,2019-11-22 19:33:00,2019-11-22,要投白票射落海，請諗計令到建制其中一票也是白票射海。若出現此消彼長，可能落得民氣急降嘅後果。,0
1745635,40862,89,2019-11-22 19:23:36,2019-11-22,輸左區選，反彈會更大。到時我會食返白票同建制票撚花生:-[,0
1745546,41771,288,2019-11-22 19:21:58,2019-11-22,[size=6][b][red]而家係非常時期，大家槍口一致對外[/red][/b][/size=6]就算各位幾唔妥泛民都好，都唔好白票益建制泛民往績雖然唔好，但畢竟都算同路人，就算無得揀都唔好投建制或白票。今次嘅結果會影響國際社會對香港示威嘅睇法。輸左，我地就對唔住所犧牲左嘅手足#wail#pig#drum#pig#drum#pig#drum#pig,2
1745707,46148,18,2019-11-22 19:03:54,2019-11-22,投建制 你食屎投白票=投建制 你食屎投飯民 你食屎 但建制食埋一份投真手足唔洗食 建制食屎咁你想投咩,2
1745715,135390,4,2019-11-22 19:03:45,2019-11-22,又焦土?又白票?,0
1742175,13388,561,2019-11-22 18:45:57,2019-11-22,[member]班熱狗好撚煩 又要出人選區選 但又要分化投白票明明之前香港人登記做選民係想踢走班傻閪保皇#heard#pig#heard#pig#heard#pig#heard#pig#heard#pig#heard#pig[/member],0
1745546,83989,217,2019-11-22 18:43:09,2019-11-22,好撚戇鳩叫人投白票,2
1745259,195211,406,2019-11-22 18:38:38,2019-11-22,有一個畫漫畫嘅page 畀陳雲污染咗居然同意認為要投白票心諗戇撚鳩,2
1745614,221265,214,2019-11-22 18:37:00,2019-11-22,諗都諗到選舉係大型2方角力百萬人表態下輸撚咗你話輸咗果方會唔會唔謝？咁簡單道理都仲有班白票/分化撚想帶風向果班唔係人,2
1745456,25240,436,2019-11-22 18:06:53,2019-11-22,其實舊年有巴打分析過焦土撚好多只係唔投 / 白票[sosad],0
1744973,58958,716,2019-11-22 18:06:51,2019-11-22,白票撐2號,1
1744973,61604,709,2019-11-22 18:03:50,2019-11-22,我屋企兩個白票一個1號,0
1745259,292525,393,2019-11-22 18:03:17,2019-11-22,有咁多新增選民就知，個個都好大意見啦，點會有意見投白票，除非選舉黑暗，被操控,0
1745456,107366,353,2019-11-22 17:41:43,2019-11-22,見到自己有frd竟然係白票撚重要呂撚聽人講野 谷鬼氣,2
1745465,248674,33,2019-11-22 17:41:42,2019-11-22,咁多智者叫投建制投白票，點贏?出面唔會覺得因為泛民唔掂所以唔投，而係民意覺得要止暴制亂 ==,2
1745537,310914,1,2019-11-22 17:17:14,2019-11-22,泛民支持者成日話「投白票咪即係益建制」，叫攬炒派、熱狗唔好投白票、廢票；而收住接近6位數字月薪嘅人連本份都未做好，有反對票又唔投，淨係識屌鳩普通市民唔投佢哋派系就係唔盡「公民責任」。笑撚咗。如果泛民識得投反對票嘅話就唔會比建制格硬通過啦！總之24/11區選：泛民/建制#no#dog本土/素人#touch#dog[red][size=6][b]唔係搞分化，只係睇唔過眼泛民無撚用[/b][/size=6][/red][size=6][blue][b]連登仔思維：你鬧泛民，你係分化撚！你係熱狗#hehe#dog[/b][/blue][/size=6][img]https://na.cx/i/amiYb10.jpg[/img][img]https://na.cx/i/Fg5SYYB.jpg[/img][img]https://na.cx/i/K8e07RX.jpg[/img][img]https://na.cx/i/u5cVciD.jpg[/img],0
1745381,179023,246,2019-11-22 17:05:02,2019-11-22,二號好似成碌木咁 又叫人投白票都唔好投泛民 但自己又出黎參選 係咩玩法#think#lme,0
1745110,37796,113,2019-11-22 17:01:38,2019-11-22,選舉無用論同白票論係兩回事我知區選無用我都會含撚投票投票係為左證明選舉無用就算贏左選舉對成場仗唔會有大幫助而家有幾多個會承諾用議會資源幫義士？,2
1745485,335967,1,2019-11-22 16:47:24,2019-11-22,[img]https://na.cx/i/DSBrkKH.jpg[/img]投白票/唔投等於投比民賤聯:-[:-[1124 一定唔可以比共狗贏#kill#pig#kill#pig,0
1744973,73275,558,2019-11-22 16:45:49,2019-11-22,[member]我作為r20區選民無論係fb定lihkg每次睇到各位討論投比邊個每次都睇到灰撚晒呢區我一係投1號一係投3號保民聯姐係民建聯B隊唔洗預我啦肥莉上屆票后要砌低肥莉 個兩位候選人都協調下呀十月尾兩個仲係fb度隔空罵戰未打倒建制已經係度嘈交睇到我眼都凸撚埋而家大圍個情況同呢個post講嘅一樣https://amp.lihkg.com/thread/1743061/page/11. 有人寧投白票2. 有人唔投泛民3. 有人屌區選無用4. 有人屌選舉係食人血饅頭，投就係左膠5. 蘋果都有人屈係藍6. 五毛分化戰術越來越成熟，包括圍屌一條友係五毛，選舉無效論，選唔選都係咁，扮和理非割勇武，扮和割勇，不停標籤所有人係xx撚，yy撚or yy撚7. 泛民垃圾論（完全無視年輕泛民既努力）對家：1. 輿論機器全開（ig都有廣告 ）2. 全部人投票3. 每區全投共狗結論：繼續互屌，輸左唔好問點解[/member],0
1745277,284779,88,2019-11-22 16:44:46,2019-11-22,黑警都提水xx(xx(xx(呢度講嘈緊白票xx(,0
1743989,251265,771,2019-11-22 16:19:40,2019-11-22,企圖抹黑民主派，呼籲手足投白票一律視為共諜，大大力推,2
1743314,210688,26,2019-11-22 16:18:12,2019-11-22,琴日我上高登睇我都覺得好驚訝，竟然有好多post叫人唔好投泛民/投白票/唔好投痴撚線xx(雖然我知有啲係五毛開嘅,0
1743989,251265,767,2019-11-22 16:01:15,2019-11-22,企圖抹黑民主派，呼籲手足投白票一律視為共諜，大大力推,2
1745259,277869,216,2019-11-22 16:00:30,2019-11-22,真係有得揀我都唔想投泛民，問題係我無得揀。唔通投建制又或者白票送建制入去咩。,0
1745386,42536,1,2019-11-22 15:44:40,2019-11-22,如果輸咗或者只係小勝，我哋仲點同人講我哋係有民意支持？外國仲邊有理據去幫我哋？今次唔係區選咁簡單，其實係變相嘅公投嚟，全世界（包括外國）都睇住個結果去理解為今次運動嘅民意取向。所以[red]一定要投票，一定唔可以白票，一定唔可以投對家，一定唔可以投𠝹票黨[/red]縱使候選人嘅政黨未必係你鍾意嘅，但[size=2][red]唔該唔好信私冤撚，分化撚講而唔投佢[/red][/size=2]唔通咁快唔記得咗今次嘅目標係咩？其中一樣係真普選吖嘛！運動贏咗，如果個區議員你真係好唔妥佢，你下次鍾意點懲罰個候選人/政黨都得，因為你到時真係有權。但係輸咗，你唔係懲罰佢哋咁簡單，你係懲罰埋自己呀！到時冇晒反對派，你仲邊有得揀？要記住今次嘅攬炒同以前講嘅焦土係有分別，之前焦土所提倡嘅係整死晒反對派想等個社會完全赤化希望等人覺得受壓而反抗。但今次攬炒係因為天時地利配合之下令到全世界睇清楚咗共產黨嘅邪惡，再加埋中國嘅真爆煲，而我哋不惜一切去攬住共產黨一齊死去迫爆佢。如果俾全世界見到香港民意都係支持政府佔多，咁仲點叫得郁外國去幫我哋一齊？仲點connect？所以如果身邊有仲會諗住睇地區服務而投嘅淺黃，極憎某啲人/政黨嘅極深黃，又唔或者俾私怨分化撚講到唔想投票嘅朋友，唔該幫手勸勸佢哋。,2
1739646,158242,562,2019-11-22 15:39:52,2019-11-22,千奇唔好投白票,2
1745259,67277,61,2019-11-22 15:22:47,2019-11-22,之前超區熱普城先不斷叫人白票or禮義廉xx(,0
1745273,81345,17,2019-11-22 15:18:08,2019-11-22,話投白票嗰啲正一on9黎,2
1745259,247784,42,2019-11-22 15:16:37,2019-11-22,雖然冇話投畀保黨唔算係鬼但唔投票/白票其實益對家畀政府騎劫民意或畀外國睇到真係唔講得笑,2
1745259,741,38,2019-11-22 15:15:49,2019-11-22,Bob叔講得岩運動初期就叫多d人做選民依家臨近區選就叫人投白票係咪傻撚左,2
1745110,255105,27,2019-11-22 14:41:01,2019-11-22,拿，搞清楚，我從來無叫人投白票／不投票，只係唔好將選舉當成公投。如果真係將選舉當成全部人既民意反映，個後果唔一定如我地所願。呢個先係重點。,0
1743061,290991,1991,2019-11-22 14:00:22,2019-11-22,寧願唔投 / 投白票 即係代表咩？代表你情願要建制班L撚聽order虐民，都唔想飯民最起碼大是大非上阻住狗共條路,2
1745203,52949,1,2019-11-22 13:59:35,2019-11-22,"最近好多流傳選舉會提早關閉有傳 11點  12點  1點亦有傳提早關閉  選票都計算有效所以唔值得搏呢點絕對對香港年青一代冇著數1. 年青人多數冇咁早起身2. 大堆呀伯呀婆被請飲茶就送去投票就算你幾唔認同或鐘意 民主派都好我地係要建制輸 所以唔好白票提早關站 有機會正苦搵黑勢力 或者 建制搞出黎佢大條道理話堵路, 有黑衣人出沒的理由搞到投唔到票到時手足們就會被硬食死貓所以有必要開民記呼籲各手足果日暫停抗爭唔好比正苦有位入.....就算當日有人搞事 都係黑警扮 或者 黑社會扮出黎....先入為主 到時真係有人著黑衫搞事都可以話唔關手足們事至於大家覺得民主派一定輸這個你同我都唔知...但以前都係建制佔大多數 輸左都當作理所當然的心態就算搞到冇得投票 和理非又割𥱊 實係不值得做手足們 忍耐一兩日咁多大家果日早d起身投左票先望手足們睇到。。。唔好中計",2
1745156,250979,1,2019-11-22 13:35:29,2019-11-22,"不得不認以前泛民真係太多仆街野可是國難當前, 大家活於戰爭下,就唔能夠單靠一鼓熱血就打羸要有政治智慧, 拉擺近來幫手足既泛民本土>泛民>白票以家每個決定都一定要TRADE 返D 野返黎唔可以白白送自己手足出去大家聽日記得點都要投票暫時放低新仇舊恨, 個議席比左建制入面D 手足就更難特赦出返黎",0
1744991,289318,14,2019-11-22 12:28:23,2019-11-22,exactly，投白票 即係益咗保皇狗。一定唔可以。你個選區如果得保皇同泛民，知你唔妥泛民。冇辦法，請妥協投泛民。,2
1744928,189243,7,2019-11-22 12:28:06,2019-11-22,我唔理邊個贏，建制就一定要輸，我要報牛！投白票即係益班建制冚家剷！,2
1745002,4857,1,2019-11-22 12:19:45,2019-11-22,"首先, [size=6][red]血債唔係票可以償到! 只有真雙普選可以慰義士在天之靈![/red][/size=6][img]https://na.cx/i/42ixeMA.jpg[/img]呢幾日愈黎愈多[red][b]分化撚[/b][/red]#kill##kill##kill##kill#最常見既講法係[s][b][size=4]民主黨點衰/要投白票[/size=4][/b][/s]:)其實就係[red][size=4]臭蟲論[/size=4][/red], 用[s]建制衰泛民都衰所以無分別[/s]洗我地腦!#ass##ass#記住, 我地而家係要[size=6][b]令建制落選[/b][/size=6], 唔係要「血債票償」!仲未下定決心投票既巴打們要明白, 今日建制造票造到咁, 如果我地都[red][size=6]可以令建制落選, 民主黨可以唔驚咩[/size=6][/red]? 我地連建制都趕得走, 唔通到時泛民唔聽話佢又能夠連任? 呢件事唔單止係[b][size=5]令建制落選[/size=5][/b], 仲係[b][size=5]警告泛民[/size=5][/b], 票係我地手!跟我講一次#yup##yup##yup#[size=6][red]建制、落選[/red][/size=6]！",2
1686463,102424,310,2019-11-22 12:16:57,2019-11-22,司徒當日討論會之後，有一班人圍住佢同佢傾，佢承諾係會同何及相關人士傾，一係傾出答案，並會自己退，一係就等民調。後尾何話唔做選舉工程，民調又唔搞（搞民調果班友真係，做唔到嘅嘢唔好講出黎，求期就咁出個聲明話唔搞就完，覺得自己無責任嘅），司徒就可以當自己講過嘅嘢無件事，仲要去開誓師大會。其實一個人可以面皮有幾厚先至可以當自己講過嘅嘢無事發生？佢夠膽嘅就最好自己再衝出黎話圍住佢講嘢呢件事無發生過，成十幾個人廿幾對眼傢。佢選唔選到一件事，但咁嘅做嘢方法，不了。兩邊都唔抵幫，就大家一齊投白票啦Super~,0
1744491,169801,22,2019-11-22 11:51:47,2019-11-22,我哋唯一要既係保皇黨輸，既然無民主派，理得佢真獨定假獨，只要唔係保皇黨就得，白票同投比保皇黨無分別,0
1743989,9747,753,2019-11-22 11:51:37,2019-11-22,講完又扮唔記得就算唔講投建制投白票咪一樣on9#haha#dog#haha#dog咁就算有雙普選有咩用到時成班熱狗又叫人投白票跟著比建制贏好過#haha#dog#haha#dog,2
1744374,284261,658,2019-11-22 10:40:48,2019-11-22,我唔係要泛民贏，我係要班建制保皇仆街輸。但投白票或唔投票可唔可以令班仆街輸呢？你知我知單眼佬都知係唔會嘅！,2
1744374,75005,654,2019-11-22 10:38:52,2019-11-22,白票比藍絲走狗更賤種，明明有票踢走保皇都咁On9,2
1743118,112748,79,2019-11-22 10:18:41,2019-11-22,oic親子丼，不斷叫人投白票，大家小心,2
1744787,53675,16,2019-11-22 10:17:47,2019-11-22,係人都知一到選舉前啲分化同帶風向五毛就會出曬嚟 轆過幾個選舉po啲仆街有兩大理據1 民主派出賣港人 一票不投民主派2 唔係要焦土嘅咩 焦土就係投白票我想同大家講 今次選舉我哋目的只有一個 [size=6][red]不求民主派贏，只求建制派輸！[/red][/size=6][red][size=5]大家手上有票唔用 人哋建制派就已經計好曬票 投白票必然唔係焦土而係放生建制派呢一點其實顯然易見 所以三毛同熱狗真係好易分得出 [/size=5][/red]星期日可以話係藍絲最團結嘅一日 所以 我誠心懇請咁多位手足 大家可以同仇敵愾 槍口對外 目標一致咁 先踢走保皇黨 後而整頓內在 多謝各位光復香港 時代革命 五大訴求 缺一不可,2
1744620,53675,9,2019-11-22 10:04:07,2019-11-22,係人都知一到選舉前啲分化同帶風向五毛就會出曬嚟 轆過幾個選舉po啲仆街有兩大理據1 民主派出賣港人 一票不投民主派2 唔係要焦土嘅咩 焦土就係投白票我想同大家講 今次選舉我哋目的只有一個 [size=6][red]不求民主派贏，只求建制派輸！[/red][/size=6][red][size=5]大家手上有票唔用 人哋建制派就已經計好曬票 投白票必然唔係焦土而係放生建制派呢一點其實顯然易見 所以三毛同熱狗真係好易分得出 [/size=5][/red]星期日可以話係藍絲最團結嘅一日 所以 我誠心懇請咁多位手足 大家可以同仇敵愾 槍口對外 目標一致咁 先踢走保皇黨 後而整頓內在 多謝各位光復香港 時代革命 五大訴求 缺一不可,0
1744374,53675,547,2019-11-22 10:01:19,2019-11-22,係人都知一到選舉前啲分化同帶風向五毛就會出曬嚟 轆過幾個選舉po啲仆街有兩大理據1 民主派出賣港人 一票不投民主派2 唔係要焦土嘅咩 焦土就係投白票我想同大家講 今次選舉我哋目的只有一個 [size=6][red]不求民主派贏，只求建制派輸！[/red][/size=6][red][size=5]大家手上有票唔用 人哋建制派就已經計好曬票 投白票必然唔係焦土而係放生建制派呢一點其實顯然易見 所以三毛同熱狗真係好易分得出 [/size=5][/red]星期日可以話係藍絲最團結嘅一日 所以 我誠心懇請咁多位手足 大家可以同仇敵愾 槍口對外 目標一致咁 先踢走保皇黨 後而整頓內在 多謝各位光復香港 時代革命 五大訴求 缺一不可,2
1744225,3677,102,2019-11-22 09:49:52,2019-11-22,投爆佢呀屌邊個投白票就係奶共派,2
1744374,84267,311,2019-11-22 08:53:46,2019-11-22,一句講曬你要建制贏定輸你投白票就係建制贏唔洗諗住迴避問題,0
1744374,141895,284,2019-11-22 08:49:37,2019-11-22,究竟啲人數學拎Ｕ定咩 :o)咁簡單數學問題都理解唔到 泛民從來都唔夠抽 依家係要好多票 抵銷埋種票先有機會你投白票嗰啲 我真係屌你老母啊,2
1744374,180931,222,2019-11-22 08:38:45,2019-11-22,根本應該咁做，你投比民主派未必會嬴成場運動，不過白票或者比保皇黨就係輸,2
1744374,141895,221,2019-11-22 08:38:34,2019-11-22,藍黃早就好清楚 佢可以廢 但一定要企係我地呢邊#bye#dog所以 一定要建制死 一定唔可以投白票,2
1744374,84267,116,2019-11-22 08:20:14,2019-11-22,今次投票唔係為泛民贏而係要建制輸完白票五毛死全家,2
1743989,52590,545,2019-11-22 02:35:20,2019-11-22,"[sosad]投白票,其實同中立冇咩分別而今時今日仲講中立就真係搏屌",2
1743062,86442,42,2019-11-22 02:32:17,2019-11-22,咪撚投白票呀屌,2
1744498,335157,1,2019-11-22 02:18:46,2019-11-22,見過許智峯落戰場屌狗未？ #drum#pig#argue#pig日日掛住mon post 連live都未睇過？我中同報夢同我講，係埋土有班傻囝勇武上個禮拜就日撚日叫人打狗 #heard#pig一直以為自己活在GTA5世界#shocking#pig無限彈藥 無限生命值根本就係玩玩下 完全漫無目的 #dance2#pig#dance#pig唔知自己做緊乜 為咗乜而努力打狗為樂趣 但連埋身嘅勇氣都無 得把口 亂咁吠困獸第一日就開始驚 係咁叫人唔好割#shocking#pig跟住眼紅人地走咗 就周圍同記者講跟住比中學校長接走咗我唔理你地班傻撚幾唔鐘意泛民投票比建制敵人一定好過咩都唔做6.9 6.12 個個手足都拎曬表 買曬郵票 叫人即填即貼即交 我唔會放棄呢個合法公民權益無腦勇武跟本唔配做同路人 一路叫投白票 一路話唔投就贏硬仲衰撚過鬼 鬼都起碼有破綻佢就一直撚人唔好投 好撚真誠咁叫 #heard#pig只想同一班為玩而出嚟嘅勇武講 帶腦出嚟真係唔好跟熱狗 跟得多壞腦O:-),2
1743061,298213,1841,2019-11-22 01:13:27,2019-11-22,白票，廢票=籃,0
1743989,63331,383,2019-11-21 23:30:22,2019-11-21,old news八成時間打自己人兩成時間吹風投白票射落海建制派就半句都無屌過,0
1744249,49979,2,2019-11-21 23:24:16,2019-11-21,咁撚多風吹白票就知咩事,0
1743989,270550,304,2019-11-21 22:45:33,2019-11-21,係人都睇到熱狗旨在搞分化，槍口永就對內，唔係諗住搶建制票，而係搶泛民票，搶唔到就叫你投白票甚至投建制票，話就話焦土，目的明顯係幫建制。熱狗黑狗，同樣仆街!,0
1743989,237528,194,2019-11-21 22:12:20,2019-11-21,我投本土派 屌你老母#fuck##fuck##fuck#投白票都唔撚投泛民點呀投個出賣香港人既左膠 真係對唔往自己#fuck#,1
1744077,69215,17,2019-11-21 22:07:17,2019-11-21,係 投白票把撚 你投白票爭取民主做乜鳩,2
1743989,158645,147,2019-11-21 21:57:54,2019-11-21,寧投白票不投熱狗,1
1744019,201464,1,2019-11-21 21:10:38,2019-11-21,香港已經亂咗5個幾月，除咗何君堯真係落手落腳做嘢之外，成班建制只係口頭上嗌要止暴制亂，未見過真係落手落腳做嘢，唔通話止暴制亂真係得個講字？定係淨係口頭上嗌要止暴制亂，事實上默許泛民繼續亂港？咁仲唔係泛民B隊咩？如是者，除咗何君堯之外，不如投白票好過班假建制真泛民xx(,1
1743961,146454,30,2019-11-21 21:03:13,2019-11-21,都係一句 票一定要投防止被投票於投民主派定廢票(唔好白票)，呢個係社區主任嘅工作,2
1734696,17738,842,2019-11-21 20:20:36,2019-11-21,總之小心，區議會如果成功踢走哂大部份保皇狗，可以利用資源及組織社區經濟，有機會形成公海成日講嘅「黃色經濟圈」，所以啲公海焦土撚（或者5毛）又講冇用叫人唔好投，投白票，咪撚益飯民之類，屌佢老母放棄權利嘅on9 logic，以為焦土焦到人，等如你自焚係焚佢唔到，要嘅係改變玩法，唔係on99去自殺益佢,2
1743061,35231,1475,2019-11-21 20:08:14,2019-11-21,投白票/唔投票 等同助長建制一樣咁仆街,2
1743867,72962,1,2019-11-21 19:58:01,2019-11-21,開始講之前同大家打個強心針：我哋每一個區都有可能會因應種種情況而落選，[size=5][red]但係，我哋嘅總票數絕對會贏。[/red][/size=5][img]https://na.cx/i/LZaznFp.png[/img][img]https://na.cx/i/0imuV0q.png[/img]今屆區選特別嘅地方係每一區都有兩個或以上嘅陣營爭，喺現今黃藍格局之下，你係可以選到最符合你立場嘅人。 而唔係好似以前咁因為無得揀而唔投or白票。方法好簡單，你問你自己嗰區嘅候選人：「支唔支持爭取五大訴求？」不論佢係素人、泛民、熱狗定係𠝹票鬼（最好留低證據係佢支持），只要佢支持，[size=5][red]你投畀佢嘅嗰一票就等於你為香港繼續抗爭投下重要一票。[/red][/size=5]唔好覺得咁係用政治問題騎劫咗區議會嘅民生，[size=5][red]因為無良好嘅政治，絕對唔會有良好嘅民生。[/red][/size=5]可能你好憎某個陣營嘅人，但你唔能夠否認，我哋已經上曬同一條船，維基百科喺總結選舉都只會提建制陣營同非建制嘅票數。而呢條非建制陣營嘅票數，[size=5][red]就係繼一百萬人大遊行、二百萬零一人大遊行嘅另一指標。[/red][/size=5]所以好簡單，你支持香港繼續抗爭嘅，就投個支持五大訴求嘅人。過咗星期日，我哋就會知道過咗咁多個月嘅抗爭之後，仲有過百萬人同行！同場加映：一位選舉事務處員工提提你：被捕亦有權投票https://lih.kg/1743818- 分享自 LIHKG 討論區,2
1743512,36901,317,2019-11-21 19:50:57,2019-11-21,為咗反對 一人兩票當年超區我都故意投白票宜家諗返起都好覺得自己好左膠[sosad],0
1743791,123329,1,2019-11-21 19:14:06,2019-11-21,白票同唔投只會益左保皇黨#:-[#pig,0
1743721,78184,1,2019-11-21 18:34:07,2019-11-21,雖然呢幾日好多焦土、白票、分化五毛出沒，不停吹風叫人唔好投票。但連登今日好多手足都出Post認同區選的重要性，同意1124一定要去投票。有手足已經發夢通知政府和票站主任預備好有「黑衣人」當日會破壞選舉進行。聶德權早兩日更表示已預備好分兩日進行投票！(停課又唔見你政府識預備？）香港人，唔好到時俾政府老屈我地搞衰個選舉，亦都唔好俾佢腰暫選舉，一定要佢一日過投票。有見及此，小弟大膽請各位巴絲，希望能以行動向外界發表共同宣言：[red][size=6]「為了光復香港，1124絕不破壞區議會選舉，一定親身投票。1124，香港人，投票！」[/size=6][/red]認同宣言請投#good#並轉載社交媒體限定三日主線任務：文宣催谷全民投票！,0
1741976,73082,39,2019-11-21 18:30:20,2019-11-21,其實投白票或廢票都好過唔投票，唔表態,1
1743472,296582,12,2019-11-21 18:21:05,2019-11-21,[member]大家無論幾憎飯民都好麻煩唔好投白票呀元朗區議會就係大部分都因為係保皇黨否決獨立調查721元朗恐襲動議飯民要屌 但更加唔要保皇班仆街[/member],2
1743650,90863,14,2019-11-21 18:20:12,2019-11-21,熱城唔係有人選咩[sosad]白票埋佢地就岩#yup#,1
1743627,3677,3,2019-11-21 17:43:30,2019-11-21,白票=建制再唔係國師你再出山喇,0
1743512,284053,70,2019-11-21 17:26:00,2019-11-21,我都係白票，不過今次選舉係民意戰，係公投作用的選舉，如果好大比數打低第一二大仆街，就會顯示出親建制陣營不是佔大部份香港人心聲，希望班仆街大大慘敗所以就算自已選區只餘下民主黨，今次我都會投佢😭😭😭跪求大家🙇🏻‍♂️🙇🏻‍♂️🙇🏻‍♂️🙇🏻‍♂️🙇🏻‍♂️五個跪求！一票都不能缺！五大訴求！缺一不可！注：第一大仆街係民建聯，第二仆街係工聯會,2
1743061,279927,1258,2019-11-21 17:24:16,2019-11-21,叫人投白票/唔投泛民就死全家,2
1743061,221265,1254,2019-11-21 17:21:41,2019-11-21,三毛嚟㗎白票撚,2
1743561,3677,7,2019-11-21 17:03:06,2019-11-21,白票=建制O:-),0
1743512,81273,17,2019-11-21 16:45:28,2019-11-21,你投白票個原因竟然咁on9我地投白票好撚簡單 就係因為我地係本土派果陣泛民同本土派割 我就要佢票償:o),1
1743226,144843,95,2019-11-21 16:40:39,2019-11-21, 好多人都以為自己好醒，分析得好好，好似上面條友咁其實你分析得幾盡善盡美，又如何？你又諗唔到更加好嘅方法，咁唯有就係投泛民咁又唔啱？咁你教我點做啦？投建制定投白票[sosad],0
1743430,14650,140,2019-11-21 16:40:05,2019-11-21,一早去投，唔投建制唔投白票,2
1743508,260169,10,2019-11-21 16:38:49,2019-11-21,推上熱門！藍絲咁努力推建制去拎錢投白票 廢票同俾建制上位冇分別！,0
1743061,24036,1097,2019-11-21 16:21:25,2019-11-21,絕不投白票，除非個區全部建制，否則一定要利用自己個票踢走保皇黨#fuck##fuck##fuck##fuck##fire##fire##fire##fire#,2
1743061,40356,1020,2019-11-21 15:56:04,2019-11-21,咁投白票又有咩幫助？,0
1743092,182997,312,2019-11-21 15:35:02,2019-11-21,我嗰區民主黨:o)投白票好過,1
1743271,32254,202,2019-11-21 15:04:32,2019-11-21,一見到話投白票同人血饅頭所以投民建聯已經知係三毛大家點都要投票阿制度內自己人越多越有利點都唔會錯#drum#pig,2
1743194,77717,16,2019-11-21 15:01:29,2019-11-21,向政府説不#kill##kill#，當年智利獨裁，人哋都怕政府會玩野，但人哋最後有冇投棄權白票？自己諗清楚星期日應該點做#kill##kill#,0
1741890,77717,664,2019-11-21 15:00:29,2019-11-21,向政府説不#kill##kill#，當年智利獨裁，人哋都怕政府會玩野，但人哋最後有冇投棄權白票？自己諗清楚星期日應該點做#kill##kill#,0
1740716,77717,74,2019-11-21 14:55:23,2019-11-21,向政府説不#kill##kill#，當年智利獨裁，人哋都怕政府會玩野，但人哋最後有冇投棄權白票？自己諗清楚星期日應該點做#kill##kill#,0
1743266,238920,12,2019-11-21 14:41:40,2019-11-21,"投票同政治永遠都係妥協,冇可能次次都揀到個100%岩心水信三毛吹風既又係on9呢講屌中立即係藍,果頭就走去投白票舉個例,依家行山比賽,先到終點就贏黃同泛民手拖手行,就可以頂死唯一條路,建制就上唔到山泛民依家係on9,行兩步就拉你返轉頭一步,但始終叫阻到建制但冇左泛民既話就會俾建制衝上山頂,仲要伸我地落山腳你寧願俾人拖後腳定俾人踢落山,你揀#:)#dog",0
1743061,309045,722,2019-11-21 14:35:29,2019-11-21,"話投白票嗰啲係咪on9#brain#lm2,之前遊行嗰起勢叫人登記做選民#haha#lm2#haha#lm2#haha#lm2",2
1743061,158645,720,2019-11-21 14:34:50,2019-11-21,寧投白票不投熱狗熱狗一個都唔可以選到,1
1743158,32455,5,2019-11-21 14:30:23,2019-11-21,"公投時間嚟, 麻煩大家唔好玩野:~(你投白票/獨立=藍投泛民=黃唔好理白唔白鴿啦, 好重要嘅意見表達嚟架:~(",0
1743061,13594,663,2019-11-21 14:25:49,2019-11-21,啲傻9熱狗信投白票個套會攬炒到對家㗎[sosad][369][bomb],2
1743061,638,581,2019-11-21 14:17:30,2019-11-21,我雖然想區選取消多啲 不過唔會叫人投白票之類[size=5]但唔好怪人地係五毛分化 因為有幾多人曾經瞓身相信選舉可以改變制度改變香港 換來嘅係一次又一次嘅失望 換來更多嘅壓迫 要去不斷示威遊行表達訴求最後希望大家唔好將希望寄託係區選[/size=5]仲見到有人話咩大局為重保區選停止抗爭 我屌你老母係唔係有病,2
1743061,36820,558,2019-11-21 14:14:17,2019-11-21,白票#yup#,1
1743092,65354,100,2019-11-21 14:13:56,2019-11-21,唔投票就咪撚登記做選民啦:o)投白票邊個最開心,2
1743193,267172,8,2019-11-21 14:07:40,2019-11-21,區選諗住投白票/廢票嘅人不妨睇睇https://lih.kg/1743062- 分享自 LIHKG 討論區,2
1743061,65354,461,2019-11-21 14:03:16,2019-11-21,話要投白票/廢票果班好心就咪撚登記啦[sosad][sosad],2
1743132,43327,9,2019-11-21 13:58:14,2019-11-21,好多人唔知，你手上一票應該點樣用，其實如果你支持建制又嬲佢止暴制亂失敗，就應該投白票！其實區議會真心唔太重要，無權無錢，但我地手上一張白票可以比建制知道佢地做得唔夠，今次一定要懲罰建制，要佢地響立法會選舉前繼續努力返！！,1
1743194,31520,1,2019-11-21 13:58:09,2019-11-21,咩理由都好 一定投泛民唔通對泛民有唔滿意既地方 就寧願投白票放生比十惡不赦既中共建制派入去加速賣港？ 咩邏輯？如果你會咁做 一係五毛 一係弱智記住投泛民唔一定要你buy佢地個套係為左唔好比建制入去加速赤化仲有如果泛民係食人血饅頭 咁建制應該係生劏香港人 再賣比大陸享用最後重申 投白票冇實際意義唔會白票夠多就可以廢左個立法會港共政權仲係度 議會一日都會運作 一日都唔可以放棄 #kill##kill#,2
1743061,33046,392,2019-11-21 13:57:50,2019-11-21,票投民建聯 香港玩撚完呀講撚左幾耐呀？唔係信班戇鳩咩白票定唔投咁低能下話Z_Z,2
1743157,123047,8,2019-11-21 13:50:42,2019-11-21,這是當然，投白票都on9,2
1742863,58958,104,2019-11-21 13:43:22,2019-11-21,痴線架，一講話唔好投白票就踢人:o),0
1742766,12265,649,2019-11-21 13:41:37,2019-11-21,唔係大哂，只係每投一張白票就即係輸緊比對家多一票姐，每多一個民主派既人入到去就多一份力量姐，咁多年建制派當選都多過民主派，今次就係想反轉呢樣野，你地就帶風投白票或者唔好投民主派，唔係鬼係咩？,2
1743061,158735,229,2019-11-21 13:40:29,2019-11-21,投建制/投白票/唔投票  都係鬼,2
1743061,30246,223,2019-11-21 13:40:05,2019-11-21,本土>泛民>白票麻煩投之前google下啲獨立候選人好撚多假獨立,1
1743061,156913,204,2019-11-21 13:38:44,2019-11-21,唔投建制，但都唔好投白票呀:~(,2
1743130,128192,1,2019-11-21 13:33:56,2019-11-21,一係就本土派一係就泛民再講投白票個啲訓撚醒未,2
1743118,221343,10,2019-11-21 13:28:43,2019-11-21,想建制贏就投白票啦仆街,2
1743117,325346,1,2019-11-21 13:25:39,2019-11-21,熱狗同建制之爭就係屎味咖哩同咖哩屎一樣如果俾我選我寧願投白票、咁連登仔可能會屌我啦熱狗咁多年的罪行、搞分化、搞私怨報復屌票、馨竹難書:o)而家大埔個黃兆健在大埔谷面書屌蘋果日報搞分化係唔係無腦？ 將私怨帶上街坊群組然後自己唔出聲:o)可憐的是當區居民一係投建制一係投熱狗、註定無運行:o),1
1743092,267172,23,2019-11-21 13:24:44,2019-11-21,區選諗住投白票/廢票嘅人不妨睇睇https://lih.kg/1743062- 分享自 LIHKG 討論區,2
1743089,315115,5,2019-11-21 13:15:53,2019-11-21,唔好投廢票/白票,2
1743062,271365,3,2019-11-21 13:01:37,2019-11-21,好似白票唔當廢票喎無記錯嘅話：廢票唔當係有效票，白票計有效票白票「棄權」都當係選民表達意願,0
1742953,213917,123,2019-11-21 12:53:38,2019-11-21,屌唔係唔得邊個吹白票同投對家就係鬼,2
1742863,58958,65,2019-11-21 12:26:50,2019-11-21,沙田tg grp直頭踢提走:o)死都話唔投泛民投白票,0
1742960,4957,56,2019-11-21 12:26:21,2019-11-21,全投白票！,1
1742960,270308,42,2019-11-21 12:23:01,2019-11-21,投白票呀嘛，知喇，你班風向撚樣咪再出垃圾post轟炸啦，又唔係行動又無建議又幫唔到被手足，講嚟做乜撚呀,2
1742766,269706,490,2019-11-21 11:52:56,2019-11-21,"如果就係小一票, 而最後民建聯嬴, 咁你講咩白票??屌你老母臭閪生出黎D人咁撚豬!!!!!!!!!!!!!!![red][size=6]總之建制要輸!!!!!明唔撚明呀???[/size=6][/red]",2
1742766,132729,369,2019-11-21 11:25:12,2019-11-21,"都話一票不投民賤聯白票or含撚,任君選擇",0
1742549,40356,389,2019-11-21 10:27:06,2019-11-21,咁唔係點 投白票 所有錢同資源直接送比民建聯？,0
1742663,229607,88,2019-11-21 10:09:21,2019-11-21,"你投泛民, 你講既捐3萬幫抗爭者只有1%機會會發生你投建制, 你講既捐3萬幫抗爭者係0%機會會發生你投白票, 請參考第二句我都唔明有咩咁難明",0
1742663,34266,80,2019-11-21 10:06:03,2019-11-21,依個講法係唯一我覺得講得通 我亦都認同嘅不過個重點係 大家想點投，我無權指示 ，我淨係話要贏嘅人拎錢拎工作機會出黎幫被捕抗爭者，點知成班on99 係咁spin話咩白票建制成班連登仔都有閱讀障礙:o),0
1742696,99962,1,2019-11-21 09:42:42,2019-11-21,唔好比白票撚，廢票撚，熱普城用“泛民”騎劫今次區選，今次係全港對港共既信任公投，全世界包括美帝都睇緊，果d私怨撚唔該留番下次再追擊，唔該#yup#,0
1742213,226562,437,2019-11-21 01:27:16,2019-11-21,區選投黃嘅人唔一定係支持黎明大把黃覺得黎明行動要檢討唔代表佢哋會投白票/藍,0
1741591,36157,4,2019-11-20 21:42:28,2019-11-20,馮生在位果陣就係贏果邊冇所謂藍定黃宜家…我覺得係綠＋膠但我會揀民協否則就要白票,1
1741527,327469,26,2019-11-20 19:32:04,2019-11-20,好L憎個班日日叫人投白票屌泛民既五毛 。。。。 所以衝動咗 。。。 :~(,2
1739867,331421,9,2019-11-20 18:12:23,2019-11-20,每次選舉都有，白票黨又有,0
1740790,210612,235,2019-11-20 17:21:33,2019-11-20,btw 今屆冇得揀既選區 我理得你含淚定含撚你投白票廢票都等如投比敵人係咁多,2
1740790,68483,227,2019-11-20 16:46:38,2019-11-20,又嚟射落海，白票論On99,2
1741075,48315,42,2019-11-20 15:54:16,2019-11-20,呢條仆街明知道大家唔鐘意聽血債票償連蘋果都道歉過用左呢4個字佢就係咁提出黎 想大家嬲9泛民唔去投票發覺叫人投白票唔成功之後就用呢招 屈人地食人血饅頭技倆同2016果陣好似#fuck#,0
1740790,11929,135,2019-11-20 14:42:24,2019-11-20,又黎寧願白票都唔投[sosad]唔好玩啦 呢招用黎呃廢佬佢地都唔信啦,2
1740790,103212,33,2019-11-20 13:35:20,2019-11-20,無撚有錯 如果全部俾D 分化撚攪到好多人投白票民建聯大勝 我地憑咩再同人講民意,2
1740595,49643,2,2019-11-20 11:53:45,2019-11-20,因為泛民，上兩次我投左白票今次因為大局我會投返比泛民後選人#bye#,2
1739555,235025,19,2019-11-20 01:58:42,2019-11-20,我點都唔會白票或者投建制。,2
1739496,143230,6,2019-11-19 23:19:54,2019-11-19,有攬炒區會風向撚白票撚唔投撚明明依個係證明民意既最好方法都唔明班撚屌係度做咩,2
1739496,38795,3,2019-11-19 23:13:47,2019-11-19,一近投票日嗰d白票廢票「人血饅頭」五毛就會蒲晒頭上次補選就係不敵依班五毛而輸,2
1737525,267909,14,2019-11-19 15:03:22,2019-11-19,"大家記住，唔係話一定要投泛民（我果區我係一定會投，因袁海文真係有做野）重點係，有票一定要投之前每次都被分化，我果區同公司（九西）就係被分化，白白送左果白痴陳凱欣入去 （仆街馮檢基重要界票）唔係話一定要認受依家個仆街議會，係你唔投，投白票，即係又送佢5年，唔係被柒婆搞DQ,根本唔會有今日係，依家個議會化表唔到我地D咩，但若又咩都唔做，咁又會點？個仆街政若咪可以照行，我哋應可以做幾多，無論體制內外都要做我依個老鬼，最近心臟病唔穩定，要食雙倍藥，想行出嚟都唔得，只可以不斷係twitter, 幫手寫，幫手RT, 我都唔會追咩300人，因為追人數就好易入左5毛，反而不斷會有人加只要找到重點，唔係流料（fake news), 會越嚟越多人 RT依家到星期日，多貼連儂牆（對家都一直貼緊，無論有斷運動定選舉）重有係一定要將[size=5][red]721[/red][/size=5]，連去黑警，有關既議員（例：容海因 - 福建幫支持⋯⋯）大家各方面一齊努力正正係兄弟爬山光復香港 時代革命五大訴求 缺一不可和勇一家 不分一割",0
1737540,40839,52,2019-11-19 12:08:26,2019-11-19,區議會係單議席單票制衰啲講 係投比你最唔想當選既人既對家泛民今役有做得唔好 但我唔覺得要白票,2
1737064,99962,1,2019-11-19 08:52:31,2019-11-19,再加上臨到選舉前例牌有白票撚，攬抄撚，棄投撚，仲有熱普城不斷追擊犯民，睇黎區選真係好唔樂觀，建制有機逆轉:-(,0
1734761,326017,6,2019-11-18 19:53:23,2019-11-18,三毛已經不斷帶風向話泛民無用 寧願白票/保皇雖然選舉係無乜用 但無可能白票/保皇,2
1733376,326017,60,2019-11-18 14:25:10,2019-11-18,叫投白票/民建聯一律當三毛處理啦做得再差都唔輪到保皇狗當選,2
1733376,224882,2,2019-11-18 13:45:55,2019-11-18,咁我應該投白票定投建制O:-),0
1732698,12510,28,2019-11-18 11:08:41,2019-11-18,"分化喇而家真係選果d , 點敢明張目膽係連登講丫反而叫人唔好搞區選/ 白票/ 投建制就一大堆呢個post 擺引戰",0
1732208,12510,17,2019-11-18 08:21:50,2019-11-18,"抗爭同選舉無衝突其實我發覺好多人已經唔特登promote 選舉，大家見基本上連登一個講post 講區選既post 都無反而係一大堆人出post 話選舉無意義 , 投白票，什至投建制我相信香港人會識得分析，投一張票，用你半小時都唔洗，去踢走建制，連呢個最簡單既野都唔做，講咩抗爭？",0
1730854,320078,24,2019-11-18 00:32:46,2019-11-18,好過白票同保皇先啦,0
1730715,4330,30,2019-11-17 22:44:54,2019-11-17,白票/建制/蕉土撚全面進場#yup#,0
1730551,35456,64,2019-11-17 22:07:49,2019-11-17,[size=6]投白票算[/size=6]#aura#lm2,1
1730075,65072,83,2019-11-17 21:39:32,2019-11-17,所以泛民就要入去送頭你班仆街涼住冷氣喺連登出Post? [red][size=6]五毛們最新風向泛民送頭 > 被拉晒 > 區選選唔到泛民唔去 > 人血饅頭 > 投白票/ 建制[/size=6][/red],0
1727393,44483,67,2019-11-17 14:38:42,2019-11-17,"Nonono,佢地話投白票:o)xx(",0
1728507,69186,55,2019-11-17 10:55:51,2019-11-17,我認同區選已經無意思種票 選舉操控呢d問題解決唔到但係唔投票/白票係一個更差既選擇就算你幾唔讚成投票都好依家係點都要去投,2
1728507,173814,11,2019-11-17 10:22:09,2019-11-17,2019仲有白票撚:o),0
1727096,38523,225,2019-11-16 23:25:39,2019-11-16,四年前都係用呢套呃人投白票依加死咁多人都係多得保皇狗控制晒先冇得唔出來死左個班義士真係多得你呢種人唔少,2
1727016,53441,393,2019-11-16 22:31:13,2019-11-16,果d熱狗私怨撚成日吹風叫人投白票早兩年已經證明係唔work,0
1727135,15024,1,2019-11-16 18:41:10,2019-11-16,"[member][極度危險]藍屍瘋傳長輩圖,令沉默的大多數人認同和分享!https://lih.kg/1720941- 分享自 LIHKG 討論區之前整長輩圖，成效頗高不如再整多批新嘅，針對區選，或者依排發生嘅事等佢地喺we7流傳，例如叫佢地唔好投票，唔好中暴徒計[photo]因為依排班建制同政府咁廢，搞咁耐都平息唔到單野:-[:-[:-[呼籲一齊懲罰建制[bomb][bomb][bomb]11月24, 一齊投白票#yup##yup##yup#[/member]",1
1726939,240950,1,2019-11-16 17:47:09,2019-11-16,"會出現大量post講宜家重講區選，又會話候選人人血饅頭之類，建制狗好大機會如其選舉，小心凌晨開始分化post,  和勇不分。幾唔鐘意都要投票，唔好中白票撚，分化撚計。",2
1726452,113182,30,2019-11-16 16:36:03,2019-11-16,冇辦法，條撚冇咁臭，唔係今次對家送咁尻屎我都諗住投白票。,0
1726486,17506,20,2019-11-16 16:13:28,2019-11-16,咁講叫佢地投白票仲好[sosad],1